"split_name","week_start","week_end","spot_weekly_return","spot_first_close","spot_last_close","next_week_return","next_week_positive_label","volume_source","volume_total","weekly_volume_ratio_4w","weekly_volume_ratio_13w","weekly_volume_ratio_26w","weekly_volume_ratio_52w","weekly_up_day_volume_share","weekly_down_day_volume_share"
"train","2020-09-28","2020-10-02","-0.006694811154740465","23185.12","23029.9","0.025609750802217945","1","NK225_VOL.YFINANCE","317800000","1.0","1.0","1.0","1.0","0.19288860918816866","0.5490874764002517"
"train","2020-10-05","2020-10-09","0.013192697023953981","23312.14","23619.69","-0.0088510899169294","0","NK225_VOL.YFINANCE","281700000","0.8864065449968533","0.8864065449968533","0.8864065449968533","0.8864065449968533","0.40468583599574015","0.3840965566205183"
"train","2020-10-12","2020-10-16","-0.006284729753649243","23558.69","23410.63","0.004526149018629466","1","NK225_VOL.YFINANCE","242500000","0.8090075062552127","0.8090075062552127","0.8090075062552127","0.8090075062552127","0.417319587628866","0.3975257731958763"
"train","2020-10-19","2020-10-23","-0.0065286279108771605","23671.13","23516.59","-0.02293955033446593","0","NK225_VOL.YFINANCE","242400000","0.8636579572446555","0.8636579572446555","0.8636579572446555","0.8636579572446555","0.4228547854785479","0.38613861386138615"
"train","2020-10-26","2020-10-30","-0.022014238322932256","23494.34","22977.13","0.058671383240639585","1","NK225_VOL.YFINANCE","295700000","1.0907414238288455","1.0907414238288455","1.0907414238288455","1.0907414238288455","0.0","0.8589786946229286"
"train","2020-11-02","2020-11-06","0.044203854138227694","23295.48","24325.23","0.04360246542375967","1","NK225_VOL.YFINANCE","303100000","1.1412971853525369","1.098108832693283","1.098108832693283","1.098108832693283","0.7700428901352689","0.0"
"train","2020-11-09","2020-11-13","0.021982025649118553","24839.84","25385.87","0.005573966935149333","1","NK225_VOL.YFINANCE","455800000","1.6823844237335055","1.6247623574144487","1.6247623574144487","1.6247623574144487","0.6827555945590171","0.17025010969723564"
"train","2020-11-16","2020-11-20","-0.014650906147505749","25906.93","25527.37","0.04377027480700124","1","NK225_VOL.YFINANCE","384300000","1.1851966075558982","1.2576437587657783","1.2576437587657783","1.2576437587657783","0.2206609419724174","0.5584179026801978"
"train","2020-11-23","2020-11-27","0.01831107190779946","26165.59","26644.71","0.003998166990746066","1","NK225_VOL.YFINANCE","323900000","0.9004100354437418","1.0269092061982326","1.0269092061982326","1.0269092061982326","0.7477616548317382","0.0"
"train","2020-11-30","2020-12-04","0.012015758719388536","26433.62","26751.24","-0.0036902962255207505","0","NK225_VOL.YFINANCE","432200000","1.1783791152614","1.3661843214386062","1.3661843214386062","1.3661843214386062","0.515733456732994","0.14252660805182785"
"train","2020-12-07","2020-12-11","0.00395819709923062","26547.44","26652.52","0.004159831790764956","1","NK225_VOL.YFINANCE","322600000","0.8084199974940484","0.9837165335122279","0.9837165335122279","0.9837165335122279","0.19156850588964663","0.6174829510229386"
"train","2020-12-14","2020-12-18","0.0011577693618689544","26732.44","26763.39","-0.003989778574388314","0","NK225_VOL.YFINANCE","315900000","0.8637047163362953","0.9647140477512494","0.9647140477512494","0.9647140477512494","0.3887306109528332","0.42133586578031024"
"train","2020-12-21","2020-12-25","-0.002163999817327067","26714.42","26656.61","0.029544642023122902","1","NK225_VOL.YFINANCE","256600000","0.735981643482002","0.7859312386737792","0.7859312386737792","0.7859312386737792","0.4049103663289166","0.35853468433359315"
"train","2020-12-28","2020-12-30","0.02197584496628613","26854.03","27444.17","0.025319038615487344","1","NK225_VOL.YFINANCE","160700000","0.4842914186694794","0.5004431668463288","0.5004431668463288","0.5004431668463288","0.36963285625388925","0.3148724331051649"
"train","2021-01-04","2021-01-08","0.0323074958966747","27258.38","28139.03","0.013509705203057942","1","NK225_VOL.YFINANCE","363000000","1.375260465997348","1.1746403146313538","1.1722642553976748","1.1722642553976748","0.50633608815427","0.3517906336088154"
"train","2021-01-11","2021-01-15","0.012598910537225505","28164.34","28519.18","0.00393664894993484","1","NK225_VOL.YFINANCE","305700000","1.1154898741105637","0.9696001171103034","0.9760120897364949","0.9760120897364949","0.4998364409551848","0.2423945044160942"
"train","2021-01-18","2021-01-22","0.013782207553870718","28242.21","28631.45","-0.03381107139177375","0","NK225_VOL.YFINANCE","314500000","1.1583793738489871","0.9823638242149019","1.0056156198165431","1.0056156198165431","0.40031796502384737","0.4346581875993641"
"train","2021-01-25","2021-01-29","-0.04020846365781494","28822.29","27663.39","0.04033489749448638","1","NK225_VOL.YFINANCE","405400000","1.4176064341288575","1.244733112895607","1.2958408543922983","1.2958408543922983","0.1702022693635915","0.6884558460779477"
"train","2021-02-01","2021-02-05","0.024496770323644057","28091.05","28779.19","0.02574360153986266","1","NK225_VOL.YFINANCE","391500000","1.1277545729511738","1.1716969403964363","1.2311750934693735","1.2311750934693735","0.6250319284802044","0.20715197956577266"
"train","2021-02-08","2021-02-12","0.004476921244704446","29388.5","29520.07","0.016864797407323273","1","NK225_VOL.YFINANCE","341400000","0.9636581751464258","1.0013763227364003","1.060716563373833","1.060716563373833","0.492091388400703","0.23374340949033393"
"train","2021-02-15","2021-02-19","-0.0022014914830568166","30084.15","30017.92","-0.03504273447327466","0","NK225_VOL.YFINANCE","368000000","1.013215859030837","1.1079973133844407","1.1399011879133303","1.1399011879133303","0.22092391304347825","0.5880434782608696"
"train","2021-02-22","2021-02-26","-0.039462090998052424","30156.03","28966.01","-0.003510666467352541","0","NK225_VOL.YFINANCE","305100000","0.8101971718781119","0.9220951318175478","0.9388104971647105","0.9388104971647105","0.22976073418551296","0.5644051130776795"
"train","2021-03-01","2021-03-05","-0.026941527466414983","29663.5","28864.32","0.029569724836753464","1","NK225_VOL.YFINANCE","362600000","1.0315789473684212","1.1006864988558354","1.1188532637661646","1.1188532637661646","0.1897407611693326","0.6373414230557087"
"train","2021-03-08","2021-03-12","0.03390639541457574","28743.25","29717.83","0.002497490563745597","1","NK225_VOL.YFINANCE","447200000","1.2989615859414712","1.37991929741277","1.372804441834392","1.372804441834392","0.7933810375670841","0.0"
"train","2021-03-15","2021-03-19","0.0008425446056483654","29766.97","29792.05","-0.02065483912654542","0","NK225_VOL.YFINANCE","476400000","1.2850495650414728","1.4277941718922909","1.4400725477354022","1.4400725477354022","0.37615449202350965","0.4263224181360202"
"train","2021-03-22","2021-03-26","8.740614550895032e-05","29174.15","29176.7","0.02321372876301986","1","NK225_VOL.YFINANCE","400500000","1.0067240620876012","1.1574887174584825","1.1896981939163498","1.1896981939163498","0.365792759051186","0.43745318352059925"
"train","2021-03-29","2021-04-02","0.015977119925729477","29384.52","29854.0","-0.0028786762242914987","0","NK225_VOL.YFINANCE","402600000","0.9547637398470386","1.1274881516587678","1.1872738615096694","1.1872738615096694","0.5283159463487332","0.20367610531544958"
"train","2021-04-05","2021-04-09","-0.010674576468340025","30089.25","29768.06","-0.0028449956093881124","0","NK225_VOL.YFINANCE","309900000","0.7179011988185556","0.8248940395995005","0.9051936234033232","0.90760486381534","0.4078735075830913","0.4133591481122943"
"train","2021-04-12","2021-04-16","0.004896622163512054","29538.73","29683.37","-0.02232697971962072","0","NK225_VOL.YFINANCE","262000000","0.6593683150874544","0.7050592034445641","0.7628646620751441","0.769860426067793","0.5900763358778626","0.2183206106870229"
"train","2021-04-19","2021-04-23","-0.022392848733231108","29685.37","29020.63","-0.007167315113421058","0","NK225_VOL.YFINANCE","278200000","0.8093090909090909","0.7554887092394142","0.8082690803441724","0.8240016341538148","0.198058950395399","0.6412652767792955"
"train","2021-04-26","2021-04-30","-0.010766927267964244","29126.23","28812.63","0.018921910287259314","1","NK225_VOL.YFINANCE","248400000","0.7931667597988346","0.6797171002778479","0.7188139969726649","0.7400786557025384","0.2471819645732689","0.5547504025764896"
"train","2021-05-03","2021-05-07","0.0009017649022189378","29331.37","29357.82","-0.04337345211599497","0","NK225_VOL.YFINANCE","161800000","0.5891670459717797","0.4578780094910531","0.4706909090909091","0.48614018764053657","0.41718170580964153","0.0"
"train","2021-05-10","2021-05-14","-0.048575563531011556","29518.34","28084.47","0.00830921858236966","1","NK225_VOL.YFINANCE","383500000","1.614057239057239","1.142389037831397","1.1335576726313634","1.1710594117983855","0.19165580182529335","0.6354628422425033"
"train","2021-05-17","2021-05-21","0.017717987854732664","27824.83","28317.83","0.0293659507102062","1","NK225_VOL.YFINANCE","322800000","1.2045899804086202","0.9523852752939039","0.9620467909994384","0.9806221174824402","0.5892193308550185","0.2128252788104089"
"train","2021-05-24","2021-05-28","0.02766828100227703","28364.61","29149.41","-0.007131876768689316","0","NK225_VOL.YFINANCE","391700000","1.4033139274518585","1.167645035542307","1.1756787957148134","1.1906094388370867","0.5075312739341332","0.35282103650753127"
"train","2021-05-31","2021-06-04","0.002821890999609167","28860.08","28941.52","0.0002491230591896709","1","NK225_VOL.YFINANCE","286500000","0.9096682013017939","0.8374179332673801","0.8532450573870014","0.8661271097137527","0.45200698080279234","0.36020942408376966"
"train","2021-06-07","2021-06-11","-0.0024297672854286523","29019.24","28948.73","0.0005302477863451394","1","NK225_VOL.YFINANCE","276200000","0.7979776092452149","0.8213656639597392","0.8365309569573067","0.8381055133640708","0.19297610427226647","0.6223750905141202"
"train","2021-06-14","2021-06-18","-0.006780102737142357","29161.8","28964.08","0.0035250558622956785","1","NK225_VOL.YFINANCE","297500000","0.9317256498590667","0.9207237233662658","0.9059392604912099","0.906705875569394","0.1781512605042017","0.6705882352941176"
"train","2021-06-21","2021-06-25","0.03767279415571001","28010.93","29066.18","-0.00973296112526656","0","NK225_VOL.YFINANCE","290900000","0.9294672098410416","0.9403471255221802","0.8877542636477811","0.8887727535859008","0.5637676177380543","0.17566173942935717"
"train","2021-06-28","2021-07-02","-0.009113874198654504","29048.02","28783.28","-0.029282972614656844","0","NK225_VOL.YFINANCE","254800000","0.8854139518721224","0.8467280163599182","0.774468085106383","0.7807047177593589","0.18642072213500785","0.6263736263736264"
"train","2021-07-05","2021-07-09","-0.02300040666909342","28598.19","27940.42","0.002242629137285901","1","NK225_VOL.YFINANCE","285000000","1.0184027157405753","0.9842728866691463","0.8568356055087244","0.8780510347908467","0.1463157894736842","0.7185964912280701"
"train","2021-07-12","2021-07-16","-0.01980956994674643","28569.02","28003.08","-0.016251069525209383","0","NK225_VOL.YFINANCE","263700000","0.9349406133664244","0.9167758671409086","0.8000140021703364","0.8148519403390034","0.18885096700796358","0.6006825938566553"
"train","2021-07-19","2021-07-21","-0.0037876897551563093","27652.74","27548.0","-0.009598155945985232","0","NK225_VOL.YFINANCE","164300000","0.6005116959064327","0.5709435979684576","0.5009087604507452","0.5099467927874668","0.31284236153377964","0.38344491783323187"
"train","2021-07-26","2021-07-30","-0.019749731346887178","27833.29","27283.59","0.019662001957953423","1","NK225_VOL.YFINANCE","301700000","1.2469518495556933","1.081332193763613","0.9362966853268719","0.9471974182808496","0.39608882996353995","0.423268147166059"
"train","2021-08-02","2021-08-06","0.0014045560602167217","27781.02","27820.04","0.00564736786862996","1","NK225_VOL.YFINANCE","297800000","1.1739430373509412","1.0518965329855452","0.9357762684005704","0.9360765823689099","0.3770987239758227","0.4210879785090665"
"train","2021-08-09","2021-08-13","0.0031913196106589936","27888.15","27977.15","-0.03445311620375924","0","NK225_VOL.YFINANCE","242200000","0.9428710462287104","0.8250183418928833","0.7697817981785955","0.762391751423495","0.27704376548307186","0.4694467382328654"
"train","2021-08-16","2021-08-20","-0.01852764886628322","27523.19","27013.25","0.0232437785160986","1","NK225_VOL.YFINANCE","297800000","1.1840954274353876","1.0534135125574815","0.9581131748604803","0.9422754161507773","0.1682337139019476","0.6396910678307589"
"train","2021-08-23","2021-08-27","0.005342937284318339","27494.24","27641.14","0.053795538100092966","1","NK225_VOL.YFINANCE","263100000","0.9235629662132514","0.9370428207446372","0.8538902273096078","0.8335040914544548","0.4013683010262258","0.3827442037248195"
"train","2021-08-30","2021-09-03","0.04817755329481255","27789.29","29128.11","0.043041927540097946","1","NK225_VOL.YFINANCE","334300000","1.2146425651739485","1.2341047848928015","1.090687781556261","1.0627529157753213","0.8247083457971881","0.0"
"train","2021-09-06","2021-09-10","0.024340953388566122","29659.89","30381.84","0.00389081108978262","1","NK225_VOL.YFINANCE","393600000","1.3842096008440303","1.4335584008068811","1.2887366512190206","1.24966954358137","0.626270325203252","0.20020325203252032"
"train","2021-09-13","2021-09-17","0.0017301987002489305","30447.37","30500.05","-0.008237363545305576","0","NK225_VOL.YFINANCE","380100000","1.179702048417132","1.3403043372121408","1.2529921898772696","1.2008112821290469","0.46566692975532753","0.36437779531702186"
"train","2021-09-20","2021-09-24","0.013709918762615292","29839.71","30248.81","-0.04885283090475301","0","NK225_VOL.YFINANCE","229900000","0.6707023557727372","0.792905844586528","0.767228433172034","0.7234511226699739","0.3679860809047412","0.3001304915180513"
"train","2021-09-27","2021-10-01","-0.04857761525605442","30240.06","28771.07","-0.025099170799000592","0","NK225_VOL.YFINANCE","440300000","1.3163913595933927","1.5435374699997304","1.502276813248822","1.3929475323663973","0.0","0.8305700658641835"
"train","2021-10-04","2021-10-08","-0.013919899145329873","28444.89","28048.94","0.03635395847401024","1","NK225_VOL.YFINANCE","427100000","1.183184431054782","1.4259335353639118","1.4500652911987462","1.3411919585972836","0.38000468274408805","0.4411144930929525"
"train","2021-10-11","2021-10-15","0.020016351909945218","28498.2","29068.63","-0.009074387062617095","0","NK225_VOL.YFINANCE","333600000","0.903208338973873","1.0745558611462127","1.1155468669616215","1.0384622291929815","0.39298561151079137","0.3902877697841727"
"train","2021-10-18","2021-10-22","-0.007600568604252955","29025.46","28804.85","0.0030494864580097314","1","NK225_VOL.YFINANCE","305600000","0.854287511356489","0.9676068001363924","1.0125911199469848","0.9461412972290691","0.6017670157068062","0.19339005235602094"
"train","2021-10-25","2021-10-29","0.010219433917206144","28600.41","28892.69","0.024881033922421247","1","NK225_VOL.YFINANCE","453400000","1.2037700783220497","1.3878175696357515","1.4970917680526277","1.39846966012219","0.39104543449492724","0.470666078517865"
"train","2021-11-01","2021-11-05","-0.0011977570809672544","29647.08","29611.57","-5.40329337485046e-05","0","NK225_VOL.YFINANCE","311700000","0.8204250838981378","0.9211830499227062","1.0030943657787899","0.9524996033308455","0.2900224574911774","0.4639076034648701"
"train","2021-11-08","2021-11-12","0.003487979991222412","29507.05","29609.97","0.004589670303617233","1","NK225_VOL.YFINANCE","326200000","0.9291461938332265","0.9609989348924693","1.0306351848926372","0.9963054982878423","0.39546290619251995","0.3951563458001226"
"train","2021-11-15","2021-11-19","-0.0010387281373418489","29776.8","29745.87","-0.0334248082170735","0","NK225_VOL.YFINANCE","317300000","0.9085832915742","0.9173171436831454","1.009545020680878","0.9765561651781222","0.40214308225653955","0.40750078789788846"
"train","2021-11-22","2021-11-26","-0.0343415806551397","29774.11","28751.62","-0.025113367525029906","0","NK225_VOL.YFINANCE","251900000","0.7153201760613375","0.7251007484168106","0.8020033552526847","0.7783607765305698","0.20127034537514887","0.5653036919412465"
"train","2021-11-29","2021-12-03","-0.008992742165866652","28283.92","28029.57","0.014563191657952723","1","NK225_VOL.YFINANCE","456800000","1.513710545936542","1.3181798002219756","1.4796984987229802","1.4175583497944106","0.3345008756567426","0.4774518388791594"
"train","2021-12-06","2021-12-10","0.018275978010102722","27927.37","28437.77","0.0037946013347740504","1","NK225_VOL.YFINANCE","329800000","0.9755953261351871","0.9265045921123718","1.0461155572906502","1.0219470482024633","0.45573074590661006","0.35718617343844755"
"train","2021-12-13","2021-12-17","-0.0033103483913857756","28640.49","28545.68","0.008299329355615281","1","NK225_VOL.YFINANCE","309300000","0.912523971087181","0.8810614194622785","0.974716377387763","0.9580129255144891","0.3756870352408665","0.4513417394115745"
"train","2021-12-20","2021-12-24","0.030237874765416395","27937.81","28782.59","0.00031685821185645224","1","NK225_VOL.YFINANCE","245200000","0.7277044071820745","0.709474949364553","0.7716104669458498","0.7597709436952907","0.5876835236541599","0.1464110929853181"
"train","2021-12-27","2021-12-30","0.0040189758429038935","28676.46","28791.71","-0.010876394628870578","0","NK225_VOL.YFINANCE","169600000","0.5058534039221535","0.48906437158954796","0.5366762003286071","0.5258757938045974","0.27712264150943394","0.5017688679245284"
"train","2022-01-03","2022-01-07","-0.028094870654659654","29301.79","28478.56","-0.012440235742256722","0","NK225_VOL.YFINANCE","291400000","1.105987285321188","0.8939705014749263","0.931757529546321","0.9030597041610546","0.26973232669869596","0.5037748798901853"
"train","2022-01-10","2022-01-14","-0.0034794957778339075","28222.48","28124.28","-0.021405703541566234","0","NK225_VOL.YFINANCE","298200000","1.1745937961595274","0.9450972743673509","0.952750777246642","0.9280934653275715","0.2431254191817572","0.5097250167672703"
"train","2022-01-17","2022-01-21","-0.02863251724459237","28333.52","27522.26","-0.029246144757007486","0","NK225_VOL.YFINANCE","356800000","1.42094782954998","1.1406649616368287","1.1351655612931646","1.110974054358305","0.20739910313901344","0.639854260089686"
"train","2022-01-24","2022-01-28","-0.03157236183217782","27588.37","26717.34","0.027047977081550822","1","NK225_VOL.YFINANCE","363200000","1.3017921146953404","1.1466873907130366","1.1289346898274892","1.1280446286717714","0.2092511013215859","0.6227973568281938"
"train","2022-01-31","2022-02-04","0.01622140302303765","27001.98","27439.99","0.00933272934866225","1","NK225_VOL.YFINANCE","405300000","1.2379352474037875","1.3082633957391865","1.250599321164938","1.2619817489401453","0.6067110782136689","0.2000986923266716"
"train","2022-02-07","2022-02-10","0.016412056720150225","27248.87","27696.08","-0.020725315640336195","0","NK225_VOL.YFINANCE","330100000","0.9275728837372673","1.0413249211356468","1.0057302225295006","1.0269830443574925","0.7664344138139958","0.0"
"train","2022-02-14","2022-02-18","0.001568709127427681","27079.59","27122.07","-0.023802386764727013","0","NK225_VOL.YFINANCE","351400000","0.9657826027209014","1.1074692719823511","1.0597104945717732","1.093989666465105","0.1824132043255549","0.5904951622083097"
"train","2022-02-21","2022-02-25","-0.01614106121429737","26910.87","26476.5","-0.01854588030895321","0","NK225_VOL.YFINANCE","291300000","0.8035862068965517","0.9105313777350325","0.8730403909996312","0.9077866273529781","0.2663920357020254","0.5520082389289392"
"train","2022-02-28","2022-03-04","-0.020407647807011875","26526.82","25985.47","-0.03165961593151878","0","NK225_VOL.YFINANCE","421100000","1.2222625353747913","1.3039014862804879","1.2579681503780131","1.313372319688109","0.35336024697221563","0.4303015910710045"
"train","2022-03-07","2022-03-11","-0.0023246123035944866","25221.41","25162.78","0.0661552499366127","1","NK225_VOL.YFINANCE","496400000","1.4244924313078413","1.5502438321281862","1.4682714841528066","1.5428127428127427","0.1917808219178082","0.5958904109589042"
"train","2022-03-14","2022-03-18","0.06004382039564815","25307.85","26827.43","0.04929320475349286","1","NK225_VOL.YFINANCE","425900000","1.09191129342392","1.2788903517889727","1.2451816035083774","1.3198174038450077","0.8295374501056586","0.0"
"train","2022-03-21","2022-03-25","0.03400405008648577","27224.11","28149.84","-0.017188730024753296","0","NK225_VOL.YFINANCE","325200000","0.7957423380436778","0.9508985807148158","0.9458987783595113","1.010801150050509","0.6986469864698647","0.0"
"train","2022-03-28","2022-04-01","-0.00994528678720108","27943.89","27665.98","-0.02458542946969533","0","NK225_VOL.YFINANCE","371800000","0.8912861081145871","1.067942287721779","1.070034646506016","1.1608704006148525","0.20898332436793976","0.6153846153846154"
"train","2022-04-04","2022-04-08","-0.027064366878698065","27736.47","26985.8","0.003979500329803098","1","NK225_VOL.YFINANCE","332500000","0.8213425554251838","0.9142150123728348","0.9642410993129295","1.0400875863230588","0.4282706766917293","0.42045112781954885"
"train","2022-04-11","2022-04-15","0.0101288070176484","26821.52","27093.19","0.00044549940409388533","1","NK225_VOL.YFINANCE","333700000","0.9171361824927855","0.9096074813385894","0.9780408071243377","1.0424240967908591","0.3997602637099191","0.3799820197782439"
"train","2022-04-18","2022-04-22","0.01140124277464194","26799.71","27105.26","-0.009494836057650669","0","NK225_VOL.YFINANCE","301900000","0.8858568075117371","0.816846004953483","0.8848282625604491","0.9390413867770473","0.6462404769791321","0.1937727724412057"
"train","2022-04-25","2022-04-28","0.00966951702808272","26590.78","26847.9","0.005797846386495831","1","NK225_VOL.YFINANCE","311000000","0.9284274945891484","0.8511937344730304","0.9118794686153777","0.9659769675538777","0.4855305466237942","0.31286173633440517"
"train","2022-05-02","2022-05-06","0.006899334154407466","26818.53","27003.56","-0.021327187970771266","0","NK225_VOL.YFINANCE","173000000","0.5410053944179501","0.4787551089918256","0.5155300859598854","0.5353423548874686","0.569364161849711","0.0"
"train","2022-05-09","2022-05-13","0.004115224773873605","26319.34","26427.65","0.011782356736221189","1","NK225_VOL.YFINANCE","441200000","1.5762772418720972","1.2844825655611045","1.3359887262266634","1.3643683766071577","0.4299637352674524","0.3898458748866727"
"train","2022-05-16","2022-05-20","0.0072316886433709815","26547.05","26739.03","0.0015950466415572961","1","NK225_VOL.YFINANCE","391400000","1.275853638660256","1.111834629840049","1.169526392608001","1.2062276641518157","0.587378640776699","0.19034236075625957"
"train","2022-05-23","2022-05-27","-0.008141763871071017","27001.52","26781.68","0.03658807065128111","1","NK225_VOL.YFINANCE","338500000","1.0284065015950175","0.9532319556364267","1.002917245937507","1.0389748372359326","0.20472673559822746","0.6032496307237813"
"train","2022-05-30","2022-06-03","0.01432766411284403","27369.43","27761.57","0.002259238220316817","1","NK225_VOL.YFINANCE","441900000","1.315080723160479","1.2318166223518312","1.2964793500338523","1.3606181721289636","0.31568228105906315","0.46481104322244854"
"train","2022-06-06","2022-06-10","-0.003281285318146754","27915.89","27824.29","-0.06689442929181666","0","NK225_VOL.YFINANCE","363800000","0.9021698698078116","1.0096063530014516","1.0691413005391597","1.1099337592921807","0.6247938427707531","0.21907641561297417"
"train","2022-06-13","2022-06-17","-0.03795988059630695","26987.44","25963.0","0.020373993760351317","1","NK225_VOL.YFINANCE","402100000","1.0474081792133367","1.1484028296498088","1.1771739987163752","1.2205119224819776","0.1686147724446655","0.6538174583436956"
"train","2022-06-20","2022-06-24","0.027967244080800313","25771.22","26491.97","-0.02100070323196057","0","NK225_VOL.YFINANCE","342300000","0.8854685377999094","0.9827517667844523","0.9917427205562799","1.0326930105998455","0.5950920245398773","0.19398188723342097"
"train","2022-06-27","2022-07-01","-0.03481971637365866","26871.27","25935.62","0.0224236012094563","1","NK225_VOL.YFINANCE","408100000","1.0530933488162053","1.167257046049592","1.1697277036710396","1.2275459146782357","0.17985787797108552","0.6589071306052439"
"train","2022-07-04","2022-07-08","0.01389396038282742","26153.81","26517.19","0.010230344919654133","1","NK225_VOL.YFINANCE","391200000","1.0319857547978633","1.1100536953769589","1.0925613620495194","1.1663685152057246","0.5950920245398773","0.22929447852760737"
"train","2022-07-11","2022-07-15","-0.0008887711982932256","26812.3","26788.47","0.0420401015810159","1","NK225_VOL.YFINANCE","313100000","0.8112975319038673","0.877200922393914","0.8651653151669093","0.9278623126460364","0.575534972852124","0.20568508463749602"
"train","2022-07-18","2022-07-22","0.035345720296361405","26961.68","27914.66","-0.004048768639847267","0","NK225_VOL.YFINANCE","242900000","0.6679040351962604","0.6835588267128477","0.6701258462256743","0.7178059148462185","0.7554549197200494","0.0"
"train","2022-07-25","2022-07-29","0.003696489977165429","27699.25","27801.64","0.013460716705920861","1","NK225_VOL.YFINANCE","310400000","0.9161071349516712","0.8848152614844864","0.8668249143421801","0.9131994342291372","0.4336340206185567","0.4165592783505155"
"train","2022-08-01","2022-08-05","0.0065201199570612545","27993.35","28175.87","0.013171199327651761","1","NK225_VOL.YFINANCE","370400000","1.178117048346056","1.055988069913814","1.0402808533621388","1.0891838246520806","0.6120410367170627","0.19384449244060475"
"train","2022-08-08","2022-08-12","0.010539752573874406","28249.24","28546.98","0.01342874097365132","1","NK225_VOL.YFINANCE","280500000","0.9071798188874515","0.7665062115065268","0.7907748357296207","0.8214549202254974","0.31942959001782534","0.4449197860962567"
"train","2022-08-15","2022-08-19","0.002027931772824676","28871.78","28930.33","-0.009987787902868694","0","NK225_VOL.YFINANCE","266200000","0.8842384985882744","0.7528608101640344","0.7545186961735528","0.7778989131534286","0.2501878287002254","0.5480841472577009"
"train","2022-08-22","2022-08-26","-0.0053176821962527265","28794.5","28641.38","-0.03458422743596856","0","NK225_VOL.YFINANCE","269700000","0.8788594704684318","0.7841168314174531","0.7716058892141112","0.7895287958115184","0.38116425658138675","0.4364108268446422"
"train","2022-08-29","2022-09-02","-0.008182514699257015","27878.96","27650.84","0.0203939554820034","1","NK225_VOL.YFINANCE","338700000","1.1415571284125379","1.0001135692545315","0.9713220533409808","0.9911534305780659","0.17921464422793032","0.6315323294951284"
"train","2022-09-05","2022-09-09","0.021547733657354406","27619.61","28214.75","-0.02293481246511131","0","NK225_VOL.YFINANCE","312000000","1.080425937148299","0.9433874494115457","0.9029586589193883","0.9127939687183527","0.6266025641025641","0.22243589743589742"
"train","2022-09-12","2022-09-16","-0.03414113392457663","28542.11","27567.65","-0.015011072761007882","0","NK225_VOL.YFINANCE","303400000","1.0227540873082757","0.9285714285714285","0.8964702138782189","0.8917275214216273","0.3309162821357943","0.502636783124588"
"train","2022-09-19","2022-09-22","-0.019307349426222142","27688.42","27153.83","-0.044804729203946625","0","NK225_VOL.YFINANCE","187700000","0.613498937734924","0.5881317939694859","0.5624358930032616","0.5540739226939605","0.0","0.6803409696323921"
"train","2022-09-26","2022-09-30","-0.018702648917676035","26431.55","25937.21","0.045452074452109636","1","NK225_VOL.YFINANCE","446400000","1.5638465580662113","1.4528703402348346","1.3591587230952993","1.3208979429254275","0.3487903225806452","0.4350358422939068"
"train","2022-10-03","2022-10-07","0.03434266142656761","26215.79","27116.11","-0.0009348686076284807","0","NK225_VOL.YFINANCE","377200000","1.2075230092036815","1.2159896840747904","1.1385186905038311","1.115747798584723","0.6092258748674443","0.17682926829268292"
"train","2022-10-10","2022-10-14","0.026116566450452128","26401.25","27090.76","-0.007389235296462626","0","NK225_VOL.YFINANCE","289300000","0.8802008062675896","0.9358731896680436","0.8686985344220264","0.8581778353308956","0.28482544071897686","0.44244728655375043"
"train","2022-10-17","2022-10-21","0.004287081725693254","26775.79","26890.58","0.007981233576962676","1","NK225_VOL.YFINANCE","305600000","0.9398739043518376","0.9944928406929007","0.9223732630625819","0.9088267926384298","0.40477748691099474","0.38154450261780104"
"train","2022-10-24","2022-10-28","0.004830416424157269","26974.9","27105.2","0.0034878916222718104","1","NK225_VOL.YFINANCE","392300000","1.1062389848431442","1.2569069624152802","1.1835460663727084","1.1666647603143194","0.3140453734386949","0.5353046138159572"
"train","2022-10-31","2022-11-04","-0.014054211587438581","27587.46","27199.74","0.03911177092133955","1","NK225_VOL.YFINANCE","341400000","1.0008795074758134","1.0721843745470356","1.0203579598358488","1.0188529811814535","0.2126537785588752","0.5790861159929701"
"train","2022-11-07","2022-11-11","0.026734220587017354","27527.64","28263.57","-0.012871693137137319","0","NK225_VOL.YFINANCE","423200000","1.2741231371368358","1.3384585441806152","1.2408177994293896","1.2608227340437723","0.44447069943289225","0.3690926275992439"
"train","2022-11-14","2022-11-18","-0.002277971939820045","27963.47","27899.77","0.013737030807063899","1","NK225_VOL.YFINANCE","353200000","0.966017094017094","1.0795890056664552","1.0376848932732183","1.046458891231269","0.4088335220838052","0.35022650056625143"
"train","2022-11-21","2022-11-25","0.012103866230520843","27944.79","28283.03","-0.01785982619259663","0","NK225_VOL.YFINANCE","273100000","0.7233958016025429","0.8180226262067695","0.8058332860466436","0.8074873911832103","0.5851336506774075","0.20798242402050532"
"train","2022-11-28","2022-12-02","-0.013668015607806505","28162.83","27777.9","0.004431940499461717","1","NK225_VOL.YFINANCE","386800000","1.112373283485513","1.1576838954759985","1.1498610809389327","1.1422924676711286","0.18459152016546018","0.6483971044467425"
"train","2022-12-05","2022-12-09","0.0028975140544347244","27820.4","27901.01","-0.013400590157847336","0","NK225_VOL.YFINANCE","322400000","0.8978625635312957","0.9543674287275707","0.9644920032217236","0.9559074244074329","0.40508684863523575","0.396712158808933"
"train","2022-12-12","2022-12-16","-0.011321250771756608","27842.33","27527.12","-0.046930808598938056","0","NK225_VOL.YFINANCE","291200000","0.8721827031074504","0.8599727396637892","0.875323714391417","0.8637647099089026","0.36641483516483514","0.4632554945054945"
"train","2022-12-19","2022-12-23","-0.03680164654500162","27237.64","26235.25","-0.005364919335626661","0","NK225_VOL.YFINANCE","445000000","1.397722811150373","1.3178276914665816","1.3550072025015518","1.3213343535511575","0.1649438202247191","0.7042696629213483"
"train","2022-12-26","2022-12-30","-0.011791696316008515","26405.87","26094.5","-0.004623579681542145","0","NK225_VOL.YFINANCE","274800000","0.7604815276048152","0.7687374921994362","0.8268104705256093","0.8067568483096588","0.37445414847161573","0.4534206695778748"
"train","2023-01-02","2023-01-06","0.009993055139702056","25716.86","25973.85","0.0056083329964560225","1","NK225_VOL.YFINANCE","223800000","0.671366431678416","0.6500726175846274","0.6839129770454039","0.6531519396551724","0.627792672028597","0.0"
"train","2023-01-09","2023-01-13","-0.002140928408026488","26175.56","26119.52","0.016616308416081083","1","NK225_VOL.YFINANCE","308900000","1.0006478781988986","0.9291085352027949","0.9629167815650964","0.9049464788732394","0.4512787309809","0.3182259630948527"
"train","2023-01-16","2023-01-20","0.028316975391831534","25822.32","26553.53","0.031221084353003192","1","NK225_VOL.YFINANCE","362300000","1.1570459081836328","1.08480549093673","1.129946620284292","1.0607464795869532","0.6124758487441347","0.1896218603367375"
"train","2023-01-23","2023-01-27","0.017710521503721877","26906.04","27382.56","0.004634336599645739","1","NK225_VOL.YFINANCE","329200000","1.1256625064113523","0.972990178246635","1.0122163223311533","0.9635375037993493","0.6248481166464156","0.1922843256379101"
"train","2023-01-30","2023-02-03","0.002772532752046697","27433.4","27509.46","0.005871434771893114","1","NK225_VOL.YFINANCE","372200000","1.2161411534063062","1.1160934652734529","1.141892928363246","1.0914832902854694","0.6227834497581946","0.20042987641053198"
"train","2023-02-06","2023-02-10","-0.0008185992095661732","27693.65","27670.98","-0.005704532329537937","0","NK225_VOL.YFINANCE","382200000","1.1137986303365874","1.1379950069856395","1.1723234825694566","1.1229045544688712","0.23233908948194662","0.5363683935112507"
"train","2023-02-13","2023-02-17","0.0031286323271833005","27427.32","27513.13","-0.002168055761013088","0","NK225_VOL.YFINANCE","335200000","0.9273117089701916","1.0075142771265404","1.0159707164673242","0.9819279823335887","0.3696300715990454","0.42034606205250596"
"train","2023-02-20","2023-02-24","-0.0028497810179739513","27531.94","27453.48","0.017265206451058335","1","NK225_VOL.YFINANCE","274800000","0.7747392162390753","0.82942118827053","0.8262558978628921","0.8057287848886383","0.2765647743813683","0.4959970887918486"
"train","2023-02-27","2023-03-03","0.01836022222902889","27423.96","27927.47","0.007752223885657994","1","NK225_VOL.YFINANCE","363000000","1.0642040457343886","1.0952005198663202","1.09080822440276","1.0653272003837797","0.6454545454545455","0.19090909090909092"
"train","2023-03-06","2023-03-10","-0.0033221450128161356","28237.78","28143.97","-0.02878698349948494","0","NK225_VOL.YFINANCE","386300000","1.1402007083825265","1.1719719953325554","1.157573242975359","1.1374374306357726","0.5418068858400207","0.28811804297178356"
"train","2023-03-13","2023-03-17","-0.01793449205546227","27832.96","27333.79","0.0018826514727741106","1","NK225_VOL.YFINANCE","517000000","1.5213712940484072","1.5454482742762539","1.5360705755979385","1.5318256667977186","0.3638297872340426","0.45029013539651835"
"train","2023-03-20","2023-03-24","0.01631356726331168","26945.67","27385.25","0.023962899736171828","1","NK225_VOL.YFINANCE","280900000","0.729089611316592","0.7982381358340438","0.8147024373919348","0.8279841735916651","0.27803488786044855","0.44001423994304023"
"train","2023-03-27","2023-03-31","0.020548555930861134","27476.87","28041.48","-0.01865700383859903","0","NK225_VOL.YFINANCE","380700000","0.984229576008273","1.1220922323493403","1.0927939763957737","1.1249808207034113","0.6338324139742579","0.2153926976622012"
"train","2023-04-03","2023-04-07","-0.023763177079730302","28188.15","27518.31","0.03543676919113126","1","NK225_VOL.YFINANCE","344900000","0.8815898779474727","0.9927377393999779","0.9972642348754448","1.0186754515506078","0.3548854740504494","0.4276601913598144"
"train","2023-04-10","2023-04-14","0.03111458996021521","27633.66","28493.47","0.002488289422102552","1","NK225_VOL.YFINANCE","308300000","0.809451919921234","0.8642185613248231","0.8946504905298168","0.9099350678835763","0.8443074927019137","0.0"
"train","2023-04-17","2023-04-21","0.0017390981098224234","28514.78","28564.37","0.010224976080340564","1","NK225_VOL.YFINANCE","296400000","0.9017341040462428","0.8309682984688376","0.8582979718667514","0.8760757119308816","0.40148448043184887","0.402834008097166"
"train","2023-04-24","2023-04-28","0.009195090356136637","28593.52","28856.44","0.01044862082779452","1","NK225_VOL.YFINANCE","355600000","1.0692325039464783","1.0113101879197568","1.0307820948770834","1.0513830845771144","0.6661979752530933","0.19319460067491565"
"train","2023-05-01","2023-05-02","0.0011938943480760411","29123.18","29157.95","0.007900075279640761","1","NK225_VOL.YFINANCE","137300000","0.4207784247624885","0.3882327351821642","0.39962833602006087","0.40492057100402107","0.4654042243262928","0.0"
"train","2023-05-08","2023-05-12","0.015144104224266153","28949.88","29388.3","0.04832024989536654","1","NK225_VOL.YFINANCE","436100000","1.5892857142857142","1.2995232200981066","1.2990021423579685","1.2887408788161214","0.6299013987617519","0.20018344416418252"
"train","2023-05-15","2023-05-19","0.03989726709407915","29626.34","30808.35","0.003504244790779154","1","NK225_VOL.YFINANCE","460100000","1.5018769381426473","1.3543077097248952","1.3684680150086939","1.3600586653629918","0.8074331667028907","0.0"
"train","2023-05-22","2023-05-26","-0.005484961150738377","31086.82","30916.31","0.019663083983826102","1","NK225_VOL.YFINANCE","411600000","1.185227845367504","1.1782269784647905","1.209425326326496","1.2119592298980746","0.3943148688046647","0.4224975704567541"
"train","2023-05-29","2023-06-02","0.00930666200501129","31233.54","31524.22","0.02350415014233498","1","NK225_VOL.YFINANCE","520500000","1.4407307452771434","1.4463896370398872","1.5058417714476466","1.5262982783608054","0.49490874159462056","0.35465898174831895"
"train","2023-06-05","2023-06-09","0.00148180658730368","32217.43","32265.17","0.0446583731001573","1","NK225_VOL.YFINANCE","480700000","1.0516873598424765","1.2922844676055174","1.3703114892497286","1.4033696952003458","0.3827751196172249","0.4116912835448305"
"train","2023-06-12","2023-06-16","0.03922057100573473","32434.0","33706.08","-0.02742947266487239","0","NK225_VOL.YFINANCE","507600000","1.0840941854877464","1.3384718362710695","1.4223084384093114","1.4722398848766776","0.6562253743104807","0.20843183609141056"
"train","2023-06-19","2023-06-23","-0.017646766207916942","33370.42","32781.54","0.012430776589507309","1","NK225_VOL.YFINANCE","445600000","0.9281399708394085","1.1772308817851118","1.2201276407523645","1.28485480284572","0.36894075403949733","0.44501795332136446"
"train","2023-06-26","2023-06-30","0.014992288710200752","32698.81","33189.04","-0.024123023745188266","0","NK225_VOL.YFINANCE","474000000","0.9701187065083913","1.2117040940732293","1.297809604043808","1.3589599391312976","0.4409282700421941","0.4027426160337553"
"train","2023-07-03","2023-07-07","-0.040437787916036805","33753.33","32388.42","8.768566049233151e-05","1","NK225_VOL.YFINANCE","495600000","1.0390481681429844","1.2440960086508197","1.3290700552850894","1.4157432992918866","0.0","0.8075060532687651"
"train","2023-07-10","2023-07-14","0.0062606924630930205","32189.73","32391.26","-0.002686218442876198","0","NK225_VOL.YFINANCE","444900000","0.9255252756396921","1.0852441175366834","1.1605698806059999","1.2636650152668003","0.37086985839514497","0.40166329512249943"
"train","2023-07-17","2023-07-21","-0.00583617412381221","32493.89","32304.25","0.01408421492528067","1","NK225_VOL.YFINANCE","318000000","0.6838342024622333","0.756311745334797","0.8183707809561517","0.8967705198080208","0.25754716981132075","0.48742138364779874"
"train","2023-07-24","2023-07-28","0.0017825175667733895","32700.94","32759.23","-0.01729222573302236","0","NK225_VOL.YFINANCE","531100000","1.2262049062049063","1.258163860339675","1.3728016542893218","1.4916444319618032","0.17115420824703445","0.6716249293918283"
"train","2023-07-31","2023-08-04","-0.02952681490717235","33172.22","32192.75","0.008725567091969477","1","NK225_VOL.YFINANCE","596200000","1.332588287885561","1.3686143631579877","1.510749858682728","1.6547586641260081","0.3646427373364643","0.4100972827910097"
"train","2023-08-07","2023-08-10","0.006792527940235438","32254.56","32473.65","-0.03149907694392229","0","NK225_VOL.YFINANCE","398400000","0.8430853877896519","0.8459980398562561","0.9879632985521623","1.0925948389070255","0.5015060240963856","0.2622991967871486"
"train","2023-08-14","2023-08-18","-0.019000365253676654","32059.91","31450.76","0.005517195768877992","1","NK225_VOL.YFINANCE","418000000","0.9068720507674785","0.8931183537958352","1.034968764284626","1.1392630641018922","0.17966507177033492","0.5916267942583732"
"train","2023-08-21","2023-08-25","0.001857716174929358","31565.64","31624.28","0.03435145400938766","1","NK225_VOL.YFINANCE","343900000","0.70772238514174","0.7399126146105723","0.8448354057220606","0.9299041121534205","0.6068624600174469","0.19104390811282349"
"train","2023-08-28","2023-09-01","0.016805413989870566","32169.99","32710.62","-0.00317266991576437","0","NK225_VOL.YFINANCE","439500000","1.0008539709649873","0.9563143359276927","1.0726857979667126","1.183838383838384","0.8409556313993174","0.0"
"train","2023-09-04","2023-09-08","-0.010089504353174572","32939.18","32606.84","0.02840661652585763","1","NK225_VOL.YFINANCE","489400000","1.2236529566195775","1.0795282938830915","1.1859598106102973","1.3114017458697913","0.37903555373927256","0.4378831221904373"
"train","2023-09-11","2023-09-15","0.032811934053966096","32467.76","33533.09","-0.033718336127091075","0","NK225_VOL.YFINANCE","555000000","1.312987934705465","1.2224255362407237","1.332127064427684","1.4737121614445035","0.6715315315315316","0.17675675675675676"
"train","2023-09-18","2023-09-22","-0.0252742039654551","33242.59","32402.41","-0.01681325555722557","0","NK225_VOL.YFINANCE","448400000","0.9812889812889813","0.9797633454349873","1.072500298979789","1.175550043358138","0.0","0.7386262265834077"
"train","2023-09-25","2023-09-29","-0.02512345992578635","32678.62","31857.62","-0.027087710883612837","0","NK225_VOL.YFINANCE","522100000","1.080784557263365","1.1402627511591963","1.2298284078348947","1.351008932348038","0.20226010342846198","0.6404903275234629"
"train","2023-10-02","2023-10-06","-0.02409360488767598","31759.88","30994.67","0.0426305555116413","1","NK225_VOL.YFINANCE","558700000","1.1091369298724503","1.210415798683443","1.2993953055674825","1.4402911081145395","0.20440307857526402","0.6110613925183461"
"train","2023-10-09","2023-10-13","0.017937708467665736","31746.53","32315.99","-0.03269681665330382","0","NK225_VOL.YFINANCE","382600000","0.7342865368006909","0.8202717857378455","0.8731326252962345","0.9775214099357825","0.4968635650810246","0.23915316257187663"
"train","2023-10-16","2023-10-20","-0.0126242023207912","31659.03","31259.36","-0.008562875247605906","0","NK225_VOL.YFINANCE","408500000","0.8546919133800607","0.8848916068185226","0.9261988436685183","1.0389318204049691","0.3887392900856793","0.404406364749082"
"train","2023-10-23","2023-10-27","-0.00025355206769128724","30999.55","30991.69","0.03091796542879721","1","NK225_VOL.YFINANCE","424800000","0.9077407981195577","0.9065300896286812","0.9538318047567232","1.0749772493904783","0.6254708097928436","0.2015065913370998"
"train","2023-10-30","2023-11-02","0.04081609384121432","30696.96","31949.89","0.01934967538229393","1","NK225_VOL.YFINANCE","572500000","1.2904316465682408","1.2434216022053295","1.2778359631200316","1.446451650519401","0.6733624454148471","0.0"
"train","2023-11-06","2023-11-10","-0.004291547635353221","32708.48","32568.11","0.031229629229328815","1","NK225_VOL.YFINANCE","629100000","1.407067770073809","1.3717836894897515","1.353597378308148","1.5718054054054054","0.18359561278016215","0.5948179939596249"
"train","2023-11-13","2023-11-17","0.030691625714935444","32585.11","33585.2","0.00120082655455378","1","NK225_VOL.YFINANCE","489900000","0.9629957246056318","1.0284537747274929","1.0375179199791478","1.2120237506185056","0.6227801592161666","0.19228413962033067"
"train","2023-11-20","2023-11-24","0.007113327740510655","33388.03","33625.53","-0.005770020576627233","0","NK225_VOL.YFINANCE","343100000","0.6484902896564759","0.7120075346401891","0.7248630815984919","0.8433521940335901","0.45555231710871463","0.2678519382104343"
"train","2023-11-27","2023-12-01","-0.00048314277197769595","33447.67","33431.51","-0.03361050697381007","0","NK225_VOL.YFINANCE","495800000","0.9747370490514106","1.02902484194393","1.0533334422827072","1.2146750780915048","0.30697862041145624","0.5262202501008472"
"train","2023-12-04","2023-12-08","-0.027787382185513687","33231.27","32307.86","0.020511726867703528","1","NK225_VOL.YFINANCE","513900000","1.049900403493539","1.0570895109099827","1.0939951201139733","1.252586235182173","0.17746643315820199","0.652656158785756"
"train","2023-12-11","2023-12-15","0.005451057886422861","32791.8","32970.55","0.00602052437705769","1","NK225_VOL.YFINANCE","578400000","1.2555489227763608","1.1851711745791564","1.2279653128215178","1.39725721931096","0.5864453665283541","0.2306362378976487"
"train","2023-12-18","2023-12-22","0.012517789015408898","32758.98","33169.05","0.008897451087685582","1","NK225_VOL.YFINANCE","516200000","1.0691797845898923","1.0538333490373442","1.0896130676928573","1.2305802097850804","0.6077101898488958","0.18519953506392872"
"train","2023-12-25","2023-12-29","0.006319234089823045","33254.03","33464.17","-0.0025923248656697373","0","NK225_VOL.YFINANCE","383200000","0.7284132490614457","0.7740692398533159","0.8042621892153697","0.9105465180040212","0.42275574112734865","0.4235386221294363"
"train","2024-01-01","2024-01-05","0.002677518130249412","33288.29","33377.42","0.06590353598330845","1","NK225_VOL.YFINANCE","232600000","0.46713862529497413","0.48021979767179634","0.4917867482028429","0.5499718084429167","0.49570077386070505","0.0"
"train","2024-01-08","2024-01-12","0.053725093430180504","33763.18","35577.11","0.010854169998631091","1","NK225_VOL.YFINANCE","477400000","1.116463985032741","1.039460020768432","1.031427099433282","1.128338454266131","0.7651864264767491","0.0"
"train","2024-01-15","2024-01-19","0.0017124494349722852","35901.79","35963.27","-0.005900464557310747","0","NK225_VOL.YFINANCE","553000000","1.3744252516465765","1.1852474692518218","1.1915436697688682","1.2970856619620472","0.18824593128390596","0.6206148282097649"
"train","2024-01-22","2024-01-26","-0.021776919825046925","36546.95","35751.07","0.011382876092939309","1","NK225_VOL.YFINANCE","524300000","1.2739642813752885","1.097586112497786","1.1081232675158716","1.2192805137654068","0.1804310509250429","0.6288384512683578"
"train","2024-01-29","2024-02-02","0.0036383883838038145","36026.94","36158.02","0.020449128575071418","1","NK225_VOL.YFINANCE","527400000","1.180327868852459","1.0866643420927504","1.1152917063172536","1.2158808272926782","0.5949943117178612","0.22392870686386046"
"train","2024-02-05","2024-02-09","0.014943544287641108","36354.16","36897.42","0.0430875654720575","1","NK225_VOL.YFINANCE","689500000","1.3246241775130878","1.430886132528774","1.466289331839262","1.578727207879986","0.43190717911530097","0.37882523567802756"
"train","2024-02-12","2024-02-16","0.013783331932882614","37963.97","38487.24","0.015886823788871407","1","NK225_VOL.YFINANCE","542500000","0.9458634818237294","1.1150726516672727","1.1268494551497141","1.22556260318012","0.5192626728110599","0.22175115207373272"
"train","2024-02-19","2024-02-22","0.016332045589360078","38470.38","39098.68","0.02077154522863678","1","NK225_VOL.YFINANCE","438100000","0.7673512282699129","0.8930581907703887","0.9010338799370338","0.9808786108252637","0.2805295594613102","0.486646884272997"
"train","2024-02-26","2024-03-01","0.01725837296549315","39233.71","39910.82","-0.005559394670417661","0","NK225_VOL.YFINANCE","653500000","1.189533560864619","1.312593668402268","1.3341028117369012","1.4529300599437334","0.37016067329762814","0.4374904361132364"
"train","2024-03-04","2024-03-08","-0.010478635466200648","40109.23","39688.94","-0.024724772190942934","0","NK225_VOL.YFINANCE","628000000","1.0810810810810811","1.231372549019608","1.2608591572135692","1.379106469418179","0.22818471337579618","0.581687898089172"
"train","2024-03-11","2024-03-15","-0.002906970004757814","38820.49","38707.64","0.056340040364124544","1","NK225_VOL.YFINANCE","629400000","1.1129481455284913","1.2132382378671729","1.2502884211330558","1.3682151098625464","0.17651731808071178","0.6123292024149984"
"train","2024-03-18","2024-03-22","0.02888719903453496","39740.44","40888.43","-0.012692832666844844","0","NK225_VOL.YFINANCE","556700000","0.9479778629203917","1.0650468720107136","1.0996209042080392","1.204517084699499","0.7688162385485899","0.0"
"train","2024-03-25","2024-03-29","-0.0011055541973943317","40414.12","40369.44","-0.034118878042400436","0","NK225_VOL.YFINANCE","581800000","0.9431026098233101","1.1064719995318626","1.1398215685092532","1.2445431733102967","0.4181849432794775","0.40735647988999657"
"train","2024-04-01","2024-04-05","-0.020375553757258413","39803.09","38992.08","0.013630203877300184","1","NK225_VOL.YFINANCE","648200000","1.0821820610209107","1.197947172386341","1.2642207202814513","1.375204507529549","0.4024992286331379","0.39000308546744833"
"train","2024-04-08","2024-04-12","0.004485979123207251","39347.04","39523.55","-0.062119925968188716","0","NK225_VOL.YFINANCE","525700000","0.8703282148917677","0.9173534859996242","1.0184644272897976","1.1016789315450524","0.40517405364276204","0.38881491344873503"
"train","2024-04-15","2024-04-19","-0.05516939907424412","39232.8","37068.35","0.023373309035875645","1","NK225_VOL.YFINANCE","621800000","1.07559245805224","1.078059775143036","1.1919342352637594","1.291752560845039","0.170151174010936","0.6577677709874558"
"train","2024-04-22","2024-04-26","0.013252361666205026","37438.61","37934.76","0.007942847140722575","1","NK225_VOL.YFINANCE","575200000","0.967739221871714","0.9881986018052308","1.0855351024911446","1.179608931937751","0.5944019471488178","0.19801808066759388"
"train","2024-04-29","2024-05-02","-0.004415755386055209","38405.66","38236.07","-0.0001820270754813169","0","NK225_VOL.YFINANCE","361800000","0.6104011135012021","0.617422352910289","0.6754265035326555","0.7356016234096294","0.0","0.5815367606412383"
"train","2024-05-06","2024-05-10","-0.015604182814000667","38835.1","38229.11","0.014603269602666558","1","NK225_VOL.YFINANCE","521200000","1.0001439194051331","0.9092080191084512","0.9879488207633143","1.0504684054061388","0.32099002302379126","0.45798158096699926"
"train","2024-05-13","2024-05-17","0.015922697701853172","38179.46","38787.38","-0.003642164023452854","0","NK225_VOL.YFINANCE","709500000","1.364423076923077","1.2662859182580761","1.3555398791940392","1.42528220541309","0.6307258632840028","0.18787878787878787"
"train","2024-05-20","2024-05-24","-0.010841399264084006","39069.68","38646.11","-0.004093814358029801","0","NK225_VOL.YFINANCE","543700000","1.0032753609816856","0.9486236562026064","1.0222733255232062","1.081791328037712","0.19827110538900128","0.5674084973330881"
"train","2024-05-27","2024-05-31","-0.010594339026046673","38900.02","38487.9","0.00509328905967843","1","NK225_VOL.YFINANCE","647600000","1.2126205411478326","1.1141136769668498","1.200216697080292","1.2820393727466888","0.32581840642371834","0.5287214329833231"
"train","2024-06-03","2024-06-07","-0.006142892780957698","38923.03","38683.93","0.0033768544199102024","1","NK225_VOL.YFINANCE","568300000","0.9385631709331131","0.9784520435462083","1.0419728361282317","1.1196332499810564","0.20922048213971495","0.5868379377089565"
"train","2024-06-10","2024-06-14","-0.005727728970832735","39038.16","38814.56","-0.005618767802597735","0","NK225_VOL.YFINANCE","563700000","0.9132072415050019","0.9782669639162185","1.0295890410958903","1.1068968642378105","0.44420791200993437","0.39755188930282065"
"train","2024-06-17","2024-06-21","0.012965836308645784","38102.44","38596.47","0.02556218224101836","1","NK225_VOL.YFINANCE","527000000","0.9073300908190935","0.9226687496633088","0.9635521050892034","1.0326441251502578","0.528842504743833","0.2671726755218216"
"train","2024-06-24","2024-06-28","0.020060224741107024","38804.65","39583.08","0.03358227808447456","1","NK225_VOL.YFINANCE","550000000","0.9537847914679615","0.9668041376512744","1.0048415090892482","1.0744164904147775","0.6209090909090909","0.20909090909090908"
"train","2024-07-01","2024-07-05","0.03233095455937862","39631.06","40912.37","0.006802588068107518","1","NK225_VOL.YFINANCE","611700000","1.1076505205975555","1.079905482298301","1.1046194236659514","1.1915445156601774","0.6190943272846167","0.18669282327938533"
"train","2024-07-08","2024-07-12","0.010053285009820945","40780.7","41190.68","-0.027357887755191213","0","NK225_VOL.YFINANCE","619000000","1.0992718877641627","1.09823670706409","1.0891249915409082","1.2005430566330488","0.6067851373182552","0.21066235864297253"
"train","2024-07-15","2024-07-19","-0.02934676322856311","41275.08","40063.79","-0.059814111445771756","0","NK225_VOL.YFINANCE","428100000","0.7420375265415782","0.7499898928643622","0.746088775086134","0.8249380218118754","0.0","0.764540995094604"
"train","2024-07-22","2024-07-26","-0.04877875703931911","39599.0","37667.41","-0.04666394636636828","0","NK225_VOL.YFINANCE","548300000","0.9929373415429192","0.9863148281397023","0.963639927807107","1.052267174501945","0.0","0.8491701623198978"
"train","2024-07-29","2024-08-02","-0.06651991505806165","38468.63","35909.7","-0.024636797299893876","0","NK225_VOL.YFINANCE","746500000","1.3529065289293642","1.347865942582536","1.309852406243884","1.4317328474583773","0.34306764902880105","0.5131949095780308"
"train","2024-08-05","2024-08-09","0.11337441613405885","31458.42","35025.0","0.0867286224125623","1","NK225_VOL.YFINANCE","1121800000","1.9160510696443058","1.9227645492181524","1.9396946158757182","2.1396696609678356","0.5980566945979675","0.14735246924585488"
"train","2024-08-12","2024-08-16","0.05051154336257668","36232.51","38062.67","0.00792377413355383","1","NK225_VOL.YFINANCE","525500000","0.7389179878370302","0.834616136441382","0.8832446619389622","0.9764063130889044","0.732254995242626","0.0"
"train","2024-08-19","2024-08-23","0.026094838482939364","37388.62","38364.27","0.007389167055700696","1","NK225_VOL.YFINANCE","495800000","0.6740763400292308","0.8055541668749687","0.834242594857657","0.9176971431419032","0.591367486889875","0.19120613150463897"
"train","2024-08-26","2024-08-30","0.014104615507336327","38110.22","38647.75","-0.058380630178988424","0","NK225_VOL.YFINANCE","507800000","0.7029346622369879","0.830020243169502","0.8512553353363679","0.9348538007555133","0.6096888538794801","0.20972823946435604"
"train","2024-09-02","2024-09-06","-0.05967307711687109","38700.87","36391.47","0.005228972613637195","1","NK225_VOL.YFINANCE","545700000","0.8234184616545325","0.9079285851411019","0.9234644398305139","1.0022038567493112","0.0","0.8403884918453363"
"train","2024-09-09","2024-09-13","0.010106376369397374","36215.75","36581.76","0.031221843891600765","1","NK225_VOL.YFINANCE","600300000","1.1573163678426837","1.0016686133822794","1.0213325655354737","1.1002915020285298","0.21039480259870064","0.592703648175912"
"train","2024-09-16","2024-09-20","0.04200427475788082","36203.22","37723.91","0.055817384783284574","1","NK225_VOL.YFINANCE","503900000","0.9376628209899516","0.8368827850526989","0.8589561192444616","0.922127282197103","0.7473705100218297","0.0"
"train","2024-09-23","2024-09-27","0.04978757578624893","37940.59","39829.56","-0.029976228710535513","0","NK225_VOL.YFINANCE","524600000","0.9725170320248413","0.8738403977243606","0.8973480088684794","0.9581364963067812","0.5773922988943957","0.2062523827678231"
"train","2024-09-30","2024-10-04","0.018883926628876058","37919.55","38635.62","0.025111024489836042","1","NK225_VOL.YFINANCE","710200000","1.306415267877673","1.1868620645327161","1.2194126542822614","1.2970049449314454","0.5352013517319065","0.19656434807096593"
"train","2024-10-07","2024-10-11","0.006942308112783513","39332.74","39605.8","-0.015756530609153274","0","NK225_VOL.YFINANCE","569600000","0.9740914920906371","0.9399936528086322","0.9740146139022802","1.0347282629580334","0.5639044943820225","0.21137640449438203"
"train","2024-10-14","2024-10-18","-0.023272042104155455","39910.55","38981.75","-0.027393074964566777","0","NK225_VOL.YFINANCE","440000000","0.7624658839838843","0.7307009363702559","0.7502328082578072","0.7941108076120796","0.2175","0.4893181818181818"
"train","2024-10-21","2024-10-25","-0.02671520179901732","38954.6","37913.92","0.003685981296579266","1","NK225_VOL.YFINANCE","504200000","0.8985920513277491","0.8360459183673469","0.8700719462659622","0.9089850088061129","0.21558905196350656","0.5880602935343118"
"train","2024-10-28","2024-11-01","-0.014294843251731026","38605.53","38053.67","0.03801735811552476","1","NK225_VOL.YFINANCE","710400000","1.2776978417266187","1.1846226862838158","1.2317048773656625","1.2772119074784773","0.44932432432432434","0.3865427927927928"
"train","2024-11-04","2024-11-08","0.02665296076143142","38474.9","39500.37","-0.0217076447638338","0","NK225_VOL.YFINANCE","639900000","1.1507957917453466","1.072025052192067","1.084265269414249","1.145002391529512","0.5155493045788404","0.2969213939678075"
"train","2024-11-11","2024-11-15","-0.022523026146045844","39533.32","38642.91","-0.00929174329780047","0","NK225_VOL.YFINANCE","713800000","1.2443669644802788","1.275010648676129","1.2001991838635202","1.2767605609579076","0.20159708601849258","0.6265060240963856"
"train","2024-11-18","2024-11-22","0.001648314990378319","38220.85","38283.85","-0.001980469571372767","0","NK225_VOL.YFINANCE","523900000","0.8159482926449403","0.912204334199459","0.8806522104555388","0.9299280438017995","0.40561175796907806","0.3920595533498759"
"train","2024-11-25","2024-11-29","-0.014752654322547576","38780.14","38208.03","0.023113989389141443","1","NK225_VOL.YFINANCE","641400000","0.9913446676970634","1.112605580240983","1.0795463372951137","1.1315085967078748","0.16120985344558778","0.538821328344247"
"train","2024-12-02","2024-12-06","0.015011806396901584","38513.02","39091.17","0.009702191057469056","1","NK225_VOL.YFINANCE","589700000","0.9364033346566097","1.0050079314096934","0.9929281023741371","1.035190061440821","0.6404951670340852","0.1721214176700017"
"train","2024-12-09","2024-12-13","0.007914607831871479","39160.5","39470.44","-0.019471280279621972","0","NK225_VOL.YFINANCE","574200000","0.9303305249513933","0.9729793141203613","0.9654913728432108","1.0054078079857767","0.587251828631139","0.21577847439916406"
"train","2024-12-16","2024-12-20","-0.01914946946701368","39457.49","38701.9","0.04080574855498065","1","NK225_VOL.YFINANCE","667600000","1.1464880645715267","1.1351068560516884","1.1217775135232948","1.1691138831263301","0.0","0.8689334931096465"
"train","2024-12-23","2024-12-27","0.02859503786131956","39161.34","40281.16","-0.02707866407025028","0","NK225_VOL.YFINANCE","626400000","1.0132233410166203","1.042730008323196","1.043070597352359","1.0913988942871502","0.6497445721583652","0.1855044699872286"
"train","2025-01-06","2025-01-10","-0.0029676610175528584","39307.05","39190.4","-0.018855127786396753","0","NK225_VOL.YFINANCE","613900000","0.9990642418324586","1.0087722624600255","1.0172781909842388","1.0609740695688012","0.20687408372699137","0.5684964978009448"
"train","2025-01-13","2025-01-17","-0.0005936430292430295","38474.3","38451.46","0.03850360948582976","1","NK225_VOL.YFINANCE","457100000","0.7366343015994521","0.7603710812539988","0.7573426796240242","0.780098130917803","0.24983592211769853","0.47254430102822137"
"train","2025-01-20","2025-01-24","0.026463080778870385","38902.5","39931.98","-0.009002558851326836","0","NK225_VOL.YFINANCE","531000000","0.8980972515856237","0.8962025316455696","0.8889547087684957","0.9068218541045414","0.604331450094162","0.23088512241054615"
"train","2025-01-27","2025-01-31","0.00016908542225846368","39565.8","39572.49","-0.01984888997381773","0","NK225_VOL.YFINANCE","589000000","1.0572608149344822","0.9824854045037531","0.9795631176639907","1.0065993584687385","0.5769100169779287","0.22410865874363328"
"train","2025-02-03","2025-02-07","0.0069296307459303375","38520.09","38787.02","0.009343589685415488","1","NK225_VOL.YFINANCE","768100000","1.4022820629849384","1.2674434840003554","1.274106493473351","1.3098954148478776","0.5861215987501628","0.19359458403853666"
"train","2025-02-10","2025-02-14","0.008975502542835745","38801.17","39149.43","-0.00951457019936175","0","NK225_VOL.YFINANCE","573400000","0.9779976121439536","0.9392893145161291","0.9498337134774907","0.9702010243194523","0.5334844785490059","0.2317753749564004"
"train","2025-02-17","2025-02-21","-0.010142121419044359","39174.25","38776.94","-0.04181454235429616","0","NK225_VOL.YFINANCE","606900000","0.9862279098110908","1.00256687210115","1.0417233320569868","1.0307775219244526","0.4055033778217169","0.41110561871807544"
"train","2025-02-24","2025-02-28","-0.028304198542855152","38237.79","37155.5","-0.007221811037396941","0","NK225_VOL.YFINANCE","566900000","0.8936706865295184","0.9493855151624456","0.9678635217482665","0.9608192719248783","0.2144999118010231","0.5510672076203916"
"train","2025-03-03","2025-03-07","-0.02377368866921603","37785.47","36887.17","0.004498312014719508","1","NK225_VOL.YFINANCE","659400000","1.0486224307239693","1.09821154043251","1.1205563435055133","1.1129222290382574","0.4073400060661207","0.41704579921140433"
"train","2025-03-10","2025-03-14","0.000670568730324117","37028.27","37053.1","0.016839616658255396","1","NK225_VOL.YFINANCE","646200000","1.074046372475692","1.0737512142747585","1.087350742646345","1.090434714884669","0.40776849272671","0.42231507273290003"
"train","2025-03-17","2025-03-21","0.0075017675441457765","37396.52","37677.06","-0.014776365247182177","0","NK225_VOL.YFINANCE","552400000","0.89118335081068","0.9113082321290339","0.9235082304526749","0.931601035227575","0.24167270094134685","0.5405503258508327"
"train","2025-03-24","2025-03-28","-0.012980047856215315","37608.49","37120.33","-0.08997091351289177","0","NK225_VOL.YFINANCE","599200000","0.9884118932739494","0.9912576511459221","1.004843880005934","1.0130572751391562","0.37449933244325767","0.4559412550066756"
"train","2025-03-31","2025-04-04","-0.051575121934236856","35617.56","33780.58","-0.005772547422217111","0","NK225_VOL.YFINANCE","844100000","1.374084323620381","1.4086573640226447","1.4068874443888866","1.4251362855649319","0.29889823480630257","0.5015993365714962"
"train","2025-04-07","2025-04-11","0.07865346804305418","31136.58","33585.58","0.034083079702658114","1","NK225_VOL.YFINANCE","1042100000","1.5778038532874068","1.6918052849792697","1.7020397137993204","1.744572076132588","0.37760291718645045","0.3664715478361002"
"train","2025-04-14","2025-04-18","0.02200906588006246","33982.36","34730.28","0.028086730081070543","1","NK225_VOL.YFINANCE","561400000","0.7392191717690434","0.8651461627824273","0.898195781130775","0.9280666338160257","0.5824723904524404","0.2059137869611685"
"train","2025-04-21","2025-04-25","0.04159344595903369","34279.92","35705.74","0.031506138788889526","1","NK225_VOL.YFINANCE","601000000","0.789024550347906","0.9148604817273802","0.9620380973489466","0.9924042272126816","0.6742096505823627","0.1653910149750416"
"train","2025-04-28","2025-05-02","0.027642306819840146","35839.99","36830.69","0.018263030097997124","1","NK225_VOL.YFINANCE","572100000","0.7506396378665617","0.8637878770281414","0.9067887536882148","0.9453073364177131","0.768571927984618","0.0"
"train","2025-05-05","2025-05-09","0.019675820820529655","36779.66","37503.33","0.006676473795793614","1","NK225_VOL.YFINANCE","495000000","0.713102355398689","0.7488479262672811","0.7813496038612149","0.8179920107540208","0.6842424242424242","0.0"
"train","2025-05-12","2025-05-16","0.0029077474228473843","37644.26","37753.72","-0.015713683313856253","0","NK225_VOL.YFINANCE","735300000","1.31921955595425","1.1488924411966204","1.176038533227527","1.2099681967057483","0.24126206990344076","0.5643954848361213"
"train","2025-05-19","2025-05-23","-0.009017929455022666","37498.63","37160.47","0.021652847770762707","1","NK225_VOL.YFINANCE","570900000","0.9501539485728551","0.8749941051638764","0.9077699293642785","0.9331187567971938","0.4047994394815204","0.40672622175512346"
"train","2025-05-26","2025-05-30","0.011552153615906446","37531.53","37965.1","-0.005886722279145773","0","NK225_VOL.YFINANCE","636200000","1.07226225087431","0.9792327729102533","1.0205199708796564","1.0443995453971462","0.3448601068846275","0.513832128261553"
"train","2025-06-02","2025-06-06","0.007230722055410421","37470.67","37741.61","0.0024545852707396065","1","NK225_VOL.YFINANCE","537500000","0.88208747025519","0.8205817763320142","0.8562640540656458","0.8798023199080851","0.38102325581395347","0.41506976744186047"
"train","2025-06-09","2025-06-13","-0.006677068737419134","38088.57","37834.25","0.015038754567620716","1","NK225_VOL.YFINANCE","549000000","0.8855195774023146","0.8503109586103367","0.8801874576062156","0.9017511939959063","0.3921675774134791","0.4517304189435337"
"train","2025-06-16","2025-06-20","0.002398768197293011","38311.33","38403.23","0.045505547319847794","1","NK225_VOL.YFINANCE","591500000","1.0315660969654692","0.9268701333140474","0.9507118438703536","0.9721515466621997","0.3611158072696534","0.46187658495350803"
"train","2025-06-23","2025-06-27","0.04684506919601028","38354.09","40150.79","-0.008465835915059339","0","NK225_VOL.YFINANCE","579200000","1.0011234984011754","0.9033388120403584","0.9299476336330401","0.9511003603131345","0.8345994475138122","0.0"
"train","2025-06-30","2025-07-04","-0.016709153146201916","40487.39","39810.88","-0.006058645274859442","0","NK225_VOL.YFINANCE","627500000","1.1119971646287437","0.9810229336283718","1.0130268484713012","1.028717712671545","0.3697211155378486","0.4009561752988048"
"train","2025-07-07","2025-07-11","-0.0004546869126961228","39587.68","39569.68","0.006303563738701001","1","NK225_VOL.YFINANCE","604200000","1.0296523517382412","0.9698593601442206","0.9753450513153239","0.9881056465156652","0.4395895398874545","0.40582588546838794"
"train","2025-07-14","2025-07-18","0.009110325948399778","39459.62","39819.11","0.04111392745844911","1","NK225_VOL.YFINANCE","480200000","0.7995337995337995","0.814875730994152","0.7756420610563721","0.7855019487811861","0.4171178675551853","0.3923365264473136"
"train","2025-07-21","2025-07-25","0.04227060670392313","39774.92","41456.23","-0.015839115134203108","0","NK225_VOL.YFINANCE","600100000","1.047706341931823","1.0292495646208244","0.9679212392290178","0.985936942145888","0.6173971004832528","0.19580069988335277"
"train","2025-07-28","2025-08-01","-0.004845814225819756","40998.27","40799.6","0.025021813939352544","1","NK225_VOL.YFINANCE","614400000","1.0629757785467129","1.0539010648264213","0.9867562759438624","1.0039751997812854","0.21940104166666666","0.6072591145833334"
"train","2025-08-04","2025-08-08","0.0379685634650182","40290.7","41820.48","0.037250409368806636","1","NK225_VOL.YFINANCE","758900000","1.3204576101613816","1.294541398766566","1.2169209705073332","1.2375283802260382","0.8276452760574515","0.0"
"train","2025-08-11","2025-08-15","0.015453377333345397","42718.17","43378.31","-0.017174942961124984","0","NK225_VOL.YFINANCE","592500000","0.965927616563417","0.9768671765019213","0.9506325208269053","0.9658065001504663","0.4870886075949367","0.21569620253164556"
"train","2025-08-18","2025-08-22","-0.024729201947828905","43714.31","42633.29","0.0019979691926192977","1","NK225_VOL.YFINANCE","558900000","0.8712732374605402","0.9384663075909637","0.8956675562897172","0.9264077267583636","0.17498658078368223","0.6027911969940956"
"train","2025-08-25","2025-08-29","-0.0020872354630532275","42807.82","42718.47","0.007029277968054526","1","NK225_VOL.YFINANCE","600800000","0.9518754703529132","1.0103879639331963","0.965671577203405","0.994800174495063","0.3680093209054594","0.46188415446071907"
"train","2025-09-01","2025-09-05","0.019672524383846923","42188.79","43018.75","0.040665291297399486","1","NK225_VOL.YFINANCE","555200000","0.8843932937756361","0.9379962831559385","0.890512029611351","0.9162326760795813","0.5914985590778098","0.23451008645533142"
"train","2025-09-08","2025-09-12","0.025761041485608205","43643.81","44768.12","0.006202851493428696","1","NK225_VOL.YFINANCE","580900000","1.0070208893126462","0.9791634251335513","0.937761551739125","0.9572048305780279","0.5988982613186434","0.20227233603029782"
"train","2025-09-15","2025-09-19","0.003196720343982662","44902.27","45045.81","0.006863679440995751","1","NK225_VOL.YFINANCE","538600000","0.9384092691000958","0.9041230324238473","0.8730151803248029","0.8865142043206458","0.2111028592647605","0.5815076123282584"
"train","2025-09-22","2025-09-26","-0.0030481170343297226","45493.66","45354.99","0.009139236939529782","1","NK225_VOL.YFINANCE","523000000","0.919358382773017","0.8839743089684583","0.8484591338204371","0.8625217247897294","0.4950286806883365","0.2820267686424474"
"valid","2025-09-29","2025-10-03","0.01611211322325512","45043.75","45769.5","0.0506734834332907","1","NK225_VOL.YFINANCE","676500000","1.2312872548573508","1.151836232187762","1.102724052537538","1.1149956101287168","0.36762749445676274","0.43946784922394677"
"valid","2025-10-06","2025-10-10","0.0030042907712959366","47944.76","48088.8","-0.010535717256409005","0","NK225_VOL.YFINANCE","763900000","1.3176369124622682","1.292353140209781","1.2584125857732102","1.2530140244402526","0.3831653357769342","0.38342715015054324"
"valid","2025-10-13","2025-10-17","0.015685635805847697","46847.32","47582.15","0.036095468573824396","1","NK225_VOL.YFINANCE","534600000","0.8546762589928057","0.8860133352031514","0.8964765522712467","0.8754137078616303","0.4479985035540591","0.2334455667789001"
"valid","2025-10-20","2025-10-24","0.0023208059285766414","49185.5","49299.65","0.06311789231769382","1","NK225_VOL.YFINANCE","603300000","0.966052842273819","0.9929858323943127","1.0134320547361075","0.9890008038965338","0.3872037129123156","0.41223272003978123"
"valid","2025-10-27","2025-10-31","0.03759518469949508","50512.32","52411.34","-0.04073488676305537","0","NK225_VOL.YFINANCE","782500000","1.213978202691696","1.2874137821932545","1.3142595056911408","1.2761966892277583","0.6912460063897764","0.15271565495207667"
"valid","2025-11-03","2025-11-07","-0.02370672580256783","51497.2","50276.37","0.0019921883779596694","1","NK225_VOL.YFINANCE","727800000","1.084528554930522","1.1724744720927927","1.2059959466177201","1.1767142070946859","0.23536685902720528","0.5034350096180269"
"valid","2025-11-10","2025-11-14","-0.010512895252491772","50911.76","50376.53","-0.03475130184631614","0","NK225_VOL.YFINANCE","691000000","1.043727815119704","1.117497045468682","1.128276624339023","1.1166115073260927","0.41403762662807525","0.39826338639652675"
"valid","2025-11-17","2025-11-21","-0.03374201249465725","50323.91","48625.88","0.03348073083715919","1","NK225_VOL.YFINANCE","751500000","1.0718105968765599","1.200626766621605","1.2304853549634425","1.2124502801685355","0.1854956753160346","0.6468396540252828"
"valid","2025-11-24","2025-11-28","0.032766250057542745","48659.52","50253.91","0.004735153941255454","1","NK225_VOL.YFINANCE","476100000","0.6449471687889461","0.7430488859008836","0.7707865028611991","0.7672297579977874","0.6964923335433733","0.0"
"valid","2025-12-01","2025-12-05","0.024107726707026433","49303.28","50491.87","0.006826445524794389","1","NK225_VOL.YFINANCE","611400000","0.9241233373639661","0.9687138173530451","0.9997987370751467","0.9867258422432923","0.6115472685639516","0.19512594046450768"
"valid","2025-12-08","2025-12-12","0.005033614764479166","50581.94","50836.55","-0.026149296126507515","0","NK225_VOL.YFINANCE","598700000","0.9465612648221344","0.9421384561378026","0.9745015181394184","0.9671300538978892","0.4331050609654251","0.3925171204275931"
"valid","2025-12-15","2025-12-19","-0.013173707361110454","50168.11","49507.21","0.025111089879635617","1","NK225_VOL.YFINANCE","639200000","1.0488575296385938","1.0037082221068017","1.037196065704728","1.032264476156462","0.43257196495619527","0.376720901126408"
"valid","2025-12-22","2025-12-26","0.006904434492094547","50402.39","50750.39","-0.008096686547630405","0","NK225_VOL.YFINANCE","428200000","0.7365614517932398","0.664311713109374","0.6927552283941784","0.6901207209161773","0.5420364315740308","0.19430172816440916"
"valid","2025-12-29","2025-12-30","-0.0037097056381033555","50526.92","50339.48","0.03179234270993647","1","NK225_VOL.YFINANCE","191700000","0.33668496158068056","0.30080751264378913","0.31307985602924643","0.3112683488888403","0.0","0.4887845592070944"
"test","2026-01-05","2026-01-09","0.002066066274636791","51832.8","51939.89","0.0384344287213545","1","NK225_VOL.YFINANCE","698400000","1.5037140704058565","1.164014923268247","1.1727126536253318","1.1496150729335495","0.40807560137457044","0.39232531500572737"
"test","2026-01-12","2026-01-16","0.007227190865365385","53549.16","53936.17","-0.0016556607560380687","0","NK225_VOL.YFINANCE","608200000","1.2428097062579821","1.022264170459247","1.0150786671202892","0.9984688191596501","0.23758632028937848","0.4853666557053601"
"test","2026-01-19","2026-01-23","0.004913819665244512","53583.57","53846.87","-0.009731670568781547","0","NK225_VOL.YFINANCE","669100000","1.389255125875941","1.1140240778688526","1.1076192355933605","1.0932319487211712","0.41907039306531163","0.3972500373636228"
"test","2026-01-26","2026-01-30","0.008274518887591453","52885.25","53322.85","0.017456493792060934","1","NK225_VOL.YFINANCE","736100000","1.3584940481683123","1.2153344001625643","1.2132003828770292","1.1975059519898887","0.5991033826925689","0.21301453606846896"
"test","2026-02-02","2026-02-06","0.030357886916348997","52655.18","54253.68","0.04955037151396913","1","NK225_VOL.YFINANCE","899100000","1.3262039973449369","1.4932544650841915","1.4705038686544631","1.455977976531553","0.38460682905127347","0.4443332221109999"
"test","2026-02-09","2026-02-13","0.010255315721363623","56363.94","56941.97","-0.0020419033623179095","0","NK225_VOL.YFINANCE","796500000","1.0939055793991417","1.2945228599647443","1.2913102037762203","1.28458976124458","0.24042686754551162","0.5021971123666039"
"test","2026-02-16","2026-02-20","0.000339574354372818","56806.41","56825.7","0.03562771774038853","1","NK225_VOL.YFINANCE","688000000","0.8875128998968008","1.1036252807186397","1.1013964485382854","1.1019765719090846","0.386046511627907","0.41424418604651164"
"test","2026-02-23","2026-02-27","0.026677441060524165","57321.09","58850.27","-0.05487536420818462","0","NK225_VOL.YFINANCE","672600000","0.8623906144821617","1.0874426355914286","1.0682516508555127","1.0746257650615736","0.7653880463871543","0.0"
"test","2026-03-02","2026-03-06","-0.04196548096327002","58057.24","55620.84","-0.032384084814253034","0","NK225_VOL.YFINANCE","883100000","1.1558144100516983","1.3937138833584226","1.3964517914378334","1.4063781502567982","0.37107915298380706","0.44502321367908504"
"test","2026-03-09","2026-03-13","0.02068872523361076","52728.72","53819.61","-0.008307009285277278","0","NK225_VOL.YFINANCE","851900000","1.1208473126767975","1.3015430901761684","1.3207751937984495","1.347459225326836","0.36318816762530814","0.3792698673553234"
"test","2026-03-16","2026-03-19","-0.0070439423156528624","53751.15","53372.53","1.011756422264476e-05","1","NK225_VOL.YFINANCE","583900000","0.7544902442175991","0.8663105876445145","0.8908749486532481","0.9178181158653629","0.2341154307244391","0.5452988525432437"
"test","2026-03-23","2026-03-27","0.03605866895568699","51515.49","53373.07","-0.004676140982709076","0","NK225_VOL.YFINANCE","737600000","0.9862610730402808","1.1013001332292003","1.122396305812259","1.1583124452631897","0.3599511930585683","0.3999457700650759"
"test","2026-03-30","2026-04-03","0.02385313144142387","51885.85","53123.49","0.07154311586079909","1","NK225_VOL.YFINANCE","790800000","1.0349092098805823","1.140214280960937","1.1884237236213147","1.2366877785596997","0.34142640364188165","0.42703591299949417"
"test","2026-04-06","2026-04-10","0.06572155298043492","53413.68","56924.11","0.027260680931155523","1","NK225_VOL.YFINANCE","727700000","0.9819850212536266","0.98385905795971","1.086418760622904","1.1398363159337432","0.6465576473821629","0.21258760478219046"
"test","2026-04-13","2026-04-17","0.03492094281395408","56502.77","58475.9","0.02121010535964385","1","NK225_VOL.YFINANCE","730300000","1.0285915492957747","0.9843746759844887","1.0925714943322402","1.1548457138339057","0.6230316308366425","0.19170204025742846"
