sample_id,signal_date,data_split,actual_label,predicted_label,prob_0,prob_1
historical_55_2017-04-05,2017-04-05,train,1,0,0.8103622753068043,0.1896377246931957
historical_55_2017-04-06,2017-04-06,train,1,0,0.6991135505334363,0.30088644946656373
historical_55_2017-04-10,2017-04-10,train,0,0,0.781522611181477,0.2184773888185229
historical_55_2017-04-11,2017-04-11,train,0,0,0.7765610104912967,0.22343898950870333
historical_55_2017-04-12,2017-04-12,train,0,0,0.8050604269218304,0.19493957307816961
historical_55_2017-04-13,2017-04-13,train,1,0,0.7242714030321671,0.275728596967833
historical_55_2017-04-14,2017-04-14,train,1,0,0.8398972476701323,0.16010275232986773
historical_55_2017-04-17,2017-04-17,train,1,0,0.8352542003502044,0.16474579964979563
historical_55_2017-04-18,2017-04-18,train,1,0,0.7831777881190378,0.21682221188096212
historical_55_2017-04-19,2017-04-19,train,1,0,0.7491440551888002,0.2508559448111998
historical_55_2017-04-20,2017-04-20,train,1,0,0.7478385282361897,0.2521614717638104
historical_55_2017-04-21,2017-04-21,train,1,0,0.7214336049854868,0.2785663950145132
historical_55_2017-04-24,2017-04-24,train,1,0,0.7551372667610923,0.2448627332389077
historical_55_2017-05-02,2017-05-02,train,1,0,0.7083062204136561,0.2916937795863439
historical_55_2017-08-21,2017-08-21,train,1,0,0.6704129077062349,0.32958709229376515
historical_55_2017-08-22,2017-08-22,train,1,0,0.7940520179082061,0.20594798209179385
historical_55_2017-08-23,2017-08-23,train,1,0,0.7901414089965264,0.20985859100347365
historical_55_2017-08-24,2017-08-24,train,1,0,0.6667022055497265,0.3332977944502735
historical_55_2017-08-25,2017-08-25,train,1,0,0.8028305541151917,0.1971694458848084
historical_55_2017-08-28,2017-08-28,train,1,0,0.8029227132651535,0.19707728673484648
historical_55_2017-08-29,2017-08-29,train,1,0,0.8113722781047793,0.1886277218952207
historical_55_2017-08-30,2017-08-30,train,1,0,0.7229369910405252,0.2770630089594748
historical_55_2017-08-31,2017-08-31,train,0,0,0.7129067956175527,0.28709320438244734
historical_55_2017-09-01,2017-09-01,train,0,0,0.7340349985387051,0.2659650014612949
historical_55_2017-09-06,2017-09-06,train,1,0,0.7666369700829653,0.23336302991703475
historical_55_2017-09-07,2017-09-07,train,1,0,0.7717561146574369,0.2282438853425631
historical_55_2017-09-08,2017-09-08,train,1,0,0.7354942276199102,0.26450577238008977
historical_55_2017-09-11,2017-09-11,train,1,0,0.7350738766705354,0.2649261233294647
historical_55_2017-09-12,2017-09-12,train,1,0,0.7242930771133573,0.2757069228866427
historical_55_2017-09-13,2017-09-13,train,1,0,0.7289490090177164,0.27105099098228363
historical_55_2017-09-14,2017-09-14,train,1,0,0.741081165222949,0.25891883477705097
historical_55_2017-09-15,2017-09-15,train,1,0,0.6983233991835134,0.30167660081648656
historical_55_2017-09-19,2017-09-19,train,1,0,0.6646006554902086,0.3353993445097914
historical_55_2017-09-20,2017-09-20,train,1,0,0.6298819588951236,0.37011804110487645
historical_55_2017-09-21,2017-09-21,train,1,0,0.6272547167777702,0.3727452832222297
historical_55_2017-09-22,2017-09-22,train,1,0,0.5513964197011395,0.4486035802988605
historical_55_2017-09-25,2017-09-25,train,1,0,0.6016988186932206,0.39830118130677944
historical_55_2017-09-26,2017-09-26,train,1,0,0.629175553968059,0.3708244460319409
historical_55_2017-09-27,2017-09-27,train,1,0,0.6067686712844034,0.39323132871559663
historical_55_2017-09-28,2017-09-28,train,1,0,0.5612788353714729,0.43872116462852706
historical_55_2017-09-29,2017-09-29,train,1,1,0.49808458422363,0.50191541577637
historical_55_2017-10-02,2017-10-02,train,1,0,0.6028277933477104,0.39717220665228953
historical_55_2017-10-03,2017-10-03,train,1,0,0.5385243495328242,0.4614756504671758
historical_55_2017-10-04,2017-10-04,train,1,0,0.6130880269460122,0.38691197305398783
historical_55_2017-10-05,2017-10-05,train,1,0,0.6177278307659615,0.3822721692340385
historical_55_2017-10-06,2017-10-06,train,1,0,0.5567904845418863,0.44320951545811366
historical_55_2017-10-10,2017-10-10,train,1,0,0.5249365027454032,0.4750634972545968
historical_55_2017-10-11,2017-10-11,train,1,0,0.5701946504739053,0.4298053495260947
historical_55_2017-11-07,2017-11-07,train,1,1,0.11452548093509651,0.8854745190649035
historical_55_2017-11-08,2017-11-08,train,1,1,0.16304984280774437,0.8369501571922556
historical_55_2018-01-05,2018-01-05,train,1,1,0.14292966118157668,0.8570703388184233
historical_55_2018-01-09,2018-01-09,train,1,1,0.14085498953390074,0.8591450104660993
historical_55_2018-01-10,2018-01-10,train,1,1,0.16759242139445263,0.8324075786055474
historical_55_2018-01-11,2018-01-11,train,1,1,0.19300592674031924,0.8069940732596808
historical_55_2018-01-12,2018-01-12,train,1,1,0.16116560639850985,0.8388343936014901
historical_55_2018-01-15,2018-01-15,train,1,1,0.17554966862004795,0.824450331379952
historical_55_2018-01-16,2018-01-16,train,1,1,0.18791494707917988,0.8120850529208201
historical_55_2018-01-17,2018-01-17,train,1,1,0.16909754274929234,0.8309024572507077
historical_55_2018-01-18,2018-01-18,train,1,1,0.14818941740768166,0.8518105825923183
historical_55_2018-01-19,2018-01-19,train,1,1,0.17399375751945323,0.8260062424805468
historical_55_2018-01-22,2018-01-22,train,1,1,0.1917354554818148,0.8082645445181852
historical_55_2018-01-23,2018-01-23,train,1,1,0.15600069955482387,0.8439993004451761
historical_55_2018-01-24,2018-01-24,train,1,1,0.17810357870794669,0.8218964212920533
historical_55_2018-01-25,2018-01-25,train,1,1,0.1968044805618666,0.8031955194381334
historical_55_2018-01-26,2018-01-26,train,1,1,0.19889613415935725,0.8011038658406427
historical_55_2018-01-29,2018-01-29,train,1,1,0.17628967277890195,0.823710327221098
historical_55_2018-01-30,2018-01-30,train,1,1,0.17760083086269673,0.8223991691373033
historical_55_2018-01-31,2018-01-31,train,1,1,0.2048249240672525,0.7951750759327475
historical_55_2018-02-01,2018-02-01,train,1,1,0.19782143632564753,0.8021785636743525
historical_55_2018-02-02,2018-02-02,train,1,1,0.25073819278469034,0.7492618072153097
historical_55_2018-02-05,2018-02-05,train,1,1,0.13826828149457882,0.8617317185054212
historical_55_2018-02-06,2018-02-06,train,1,1,0.15045887772516287,0.8495411222748371
historical_55_2018-02-08,2018-02-08,train,1,1,0.23189307171574058,0.7681069282842594
historical_55_2018-02-19,2018-02-19,train,1,1,0.2769676526179542,0.7230323473820458
historical_55_2018-02-20,2018-02-20,train,1,1,0.28367425338424646,0.7163257466157535
historical_55_2018-02-21,2018-02-21,train,1,1,0.26109562645448947,0.7389043735455105
historical_55_2018-02-22,2018-02-22,train,0,1,0.2701348954778916,0.7298651045221084
historical_55_2018-02-23,2018-02-23,train,1,1,0.2868165303456379,0.7131834696543621
historical_55_2018-02-26,2018-02-26,train,1,1,0.27763123449398674,0.7223687655060133
historical_55_2018-02-27,2018-02-27,train,1,1,0.2493914768627672,0.7506085231372328
historical_55_2018-02-28,2018-02-28,train,1,1,0.2530308928616226,0.7469691071383774
historical_55_2018-03-20,2018-03-20,train,0,0,0.7004372890491517,0.29956271095084824
historical_55_2018-03-23,2018-03-23,train,1,0,0.6467047637384236,0.35329523626157644
historical_55_2018-03-26,2018-03-26,train,1,0,0.6860231592724562,0.3139768407275439
historical_55_2018-03-27,2018-03-27,train,1,0,0.6365902782628549,0.36340972173714514
historical_55_2018-03-28,2018-03-28,train,1,0,0.7043629645064707,0.29563703549352927
historical_55_2018-03-29,2018-03-29,train,1,0,0.5730471314595864,0.4269528685404136
historical_55_2018-04-02,2018-04-02,train,1,0,0.6222328047330308,0.37776719526696917
historical_55_2018-04-03,2018-04-03,train,1,0,0.588450745117233,0.41154925488276695
historical_55_2018-04-04,2018-04-04,train,1,0,0.5893966353232678,0.4106033646767322
historical_55_2018-04-05,2018-04-05,train,1,0,0.5763405884964744,0.4236594115035256
historical_55_2018-04-06,2018-04-06,train,1,0,0.5712155736735256,0.42878442632647434
historical_55_2018-04-09,2018-04-09,train,1,0,0.5957494113507469,0.4042505886492531
historical_55_2018-04-10,2018-04-10,train,1,0,0.5727151867229527,0.4272848132770473
historical_55_2018-04-11,2018-04-11,train,1,0,0.5859032895467902,0.4140967104532098
historical_55_2018-04-12,2018-04-12,train,1,0,0.6181533940249031,0.38184660597509695
historical_55_2018-04-13,2018-04-13,train,1,0,0.6256932791411514,0.3743067208588486
historical_55_2018-04-16,2018-04-16,train,1,0,0.6228648582580187,0.3771351417419812
historical_55_2018-04-17,2018-04-17,train,1,0,0.6189477270834998,0.3810522729165002
historical_55_2018-04-18,2018-04-18,train,1,0,0.5591132515280512,0.4408867484719487
historical_55_2018-05-22,2018-05-22,train,1,1,0.17010506890480492,0.8298949310951951
historical_55_2018-06-04,2018-06-04,train,1,1,0.18237391015637627,0.8176260898436237
historical_55_2018-06-05,2018-06-05,train,1,1,0.17723181129777554,0.8227681887022245
historical_55_2018-06-06,2018-06-06,train,1,1,0.16756654149797234,0.8324334585020277
historical_55_2018-06-07,2018-06-07,train,1,1,0.1695208691071256,0.8304791308928744
historical_55_2018-06-08,2018-06-08,train,1,1,0.2052519580927572,0.7947480419072428
historical_55_2018-06-11,2018-06-11,train,1,1,0.19068992160421128,0.8093100783957887
historical_55_2018-06-12,2018-06-12,train,1,1,0.18206975461192854,0.8179302453880715
historical_55_2018-06-13,2018-06-13,train,1,1,0.1817159196904493,0.8182840803095507
historical_55_2018-06-14,2018-06-14,train,1,1,0.16069579467330541,0.8393042053266946
historical_55_2018-07-03,2018-07-03,train,1,0,0.6265148524652239,0.37348514753477613
historical_55_2018-07-04,2018-07-04,train,1,0,0.6867979626440794,0.3132020373559206
historical_55_2018-07-05,2018-07-05,train,1,1,0.48599244000096586,0.5140075599990341
historical_55_2018-07-16,2018-07-16,train,1,1,0.2985267382947344,0.7014732617052656
historical_55_2018-07-17,2018-07-17,train,1,1,0.19447659455871502,0.805523405441285
historical_55_2018-07-18,2018-07-18,train,1,1,0.2038979215268748,0.7961020784731252
historical_55_2018-07-19,2018-07-19,train,1,1,0.21370868256244147,0.7862913174375585
historical_55_2018-08-17,2018-08-17,train,1,0,0.6116169032136212,0.38838309678637883
historical_55_2018-08-20,2018-08-20,train,1,0,0.6347490299378784,0.3652509700621216
historical_55_2018-08-21,2018-08-21,train,1,0,0.60017985445704,0.39982014554296
historical_55_2018-08-22,2018-08-22,train,1,0,0.6099992598316741,0.39000074016832587
historical_55_2018-08-23,2018-08-23,train,1,0,0.6167886239557663,0.3832113760442338
historical_55_2018-08-24,2018-08-24,train,1,0,0.6150563705783503,0.3849436294216498
historical_55_2018-08-27,2018-08-27,train,1,0,0.6245034390985121,0.37549656090148786
historical_55_2018-08-28,2018-08-28,train,1,0,0.5876456343706464,0.4123543656293536
historical_55_2018-08-31,2018-08-31,train,0,0,0.5774677468386101,0.42253225316138987
historical_55_2018-09-04,2018-09-04,train,0,0,0.6201061853680587,0.37989381463194133
historical_55_2018-09-06,2018-09-06,train,1,0,0.601655617651452,0.3983443823485479
historical_55_2018-09-07,2018-09-07,train,1,0,0.6325969700250521,0.3674030299749479
historical_55_2018-09-18,2018-09-18,train,1,1,0.1317343554257684,0.8682656445742316
historical_55_2018-09-19,2018-09-19,train,1,1,0.14197865870419768,0.8580213412958023
historical_55_2018-09-20,2018-09-20,train,1,1,0.1538276785265117,0.8461723214734883
historical_55_2018-09-21,2018-09-21,train,1,1,0.1200390397940796,0.8799609602059204
historical_55_2018-09-25,2018-09-25,train,1,1,0.1468602115042814,0.8531397884957186
historical_55_2018-09-26,2018-09-26,train,1,1,0.1528418596955593,0.8471581403044407
historical_55_2018-09-27,2018-09-27,train,1,1,0.16164064393324873,0.8383593560667513
historical_55_2018-09-28,2018-09-28,train,1,1,0.1215518566650482,0.8784481433349518
historical_55_2018-10-01,2018-10-01,train,1,1,0.16822312656117966,0.8317768734388203
historical_55_2018-10-02,2018-10-02,train,1,1,0.19091372782879934,0.8090862721712007
historical_55_2018-10-03,2018-10-03,train,1,1,0.180538459331388,0.819461540668612
historical_55_2018-10-04,2018-10-04,train,1,1,0.19880653036338503,0.801193469636615
historical_55_2018-10-05,2018-10-05,train,1,1,0.21330253677287303,0.786697463227127
historical_55_2018-10-09,2018-10-09,train,1,1,0.21333011561483584,0.7866698843851642
historical_55_2018-10-10,2018-10-10,train,1,1,0.1920452419116324,0.8079547580883676
historical_55_2018-10-12,2018-10-12,train,1,1,0.1512814202946895,0.8487185797053105
historical_55_2018-10-16,2018-10-16,train,1,1,0.18764574191332206,0.8123542580866779
historical_55_2018-10-17,2018-10-17,train,1,1,0.18462411426376424,0.8153758857362358
historical_55_2018-10-18,2018-10-18,train,1,1,0.2085240949240782,0.7914759050759218
historical_55_2018-10-19,2018-10-19,train,1,1,0.20879455601454566,0.7912054439854543
historical_55_2018-10-22,2018-10-22,train,1,1,0.22216087378063065,0.7778391262193693
historical_55_2018-10-23,2018-10-23,train,1,1,0.17673147774928577,0.8232685222507142
historical_55_2018-10-24,2018-10-24,train,1,1,0.2753201882873194,0.7246798117126806
historical_55_2018-10-29,2018-10-29,train,1,0,0.7365540480622046,0.26344595193779546
historical_55_2018-11-07,2018-11-07,train,1,1,0.23346524756606168,0.7665347524339383
historical_55_2018-11-08,2018-11-08,train,1,1,0.23838103782596232,0.7616189621740377
historical_55_2018-11-09,2018-11-09,train,1,1,0.24986453274291864,0.7501354672570814
historical_55_2018-11-12,2018-11-12,train,1,1,0.26581624595139797,0.734183754048602
historical_55_2018-11-15,2018-11-15,train,1,1,0.26784707861784174,0.7321529213821583
historical_55_2018-11-19,2018-11-19,train,1,1,0.2523497572849075,0.7476502427150925
historical_55_2018-11-20,2018-11-20,train,1,1,0.24068503879619674,0.7593149612038033
historical_55_2018-11-21,2018-11-21,train,1,1,0.22893702012068584,0.7710629798793142
historical_55_2018-11-22,2018-11-22,train,1,1,0.24638625089982247,0.7536137491001775
historical_55_2018-11-26,2018-11-26,train,1,1,0.2290864207024036,0.7709135792975964
historical_55_2018-11-27,2018-11-27,train,1,1,0.2448179596171116,0.7551820403828884
historical_55_2018-11-28,2018-11-28,train,1,1,0.23494503936573385,0.7650549606342661
historical_55_2018-11-29,2018-11-29,train,1,1,0.2627623881704706,0.7372376118295294
historical_55_2018-11-30,2018-11-30,train,1,1,0.22135086808906257,0.7786491319109374
historical_55_2018-12-03,2018-12-03,train,1,1,0.26674291431515396,0.733257085684846
historical_55_2018-12-04,2018-12-04,train,1,1,0.2572455139197971,0.7427544860802029
historical_55_2018-12-05,2018-12-05,train,1,1,0.26416476797674415,0.7358352320232558
historical_55_2018-12-06,2018-12-06,train,1,1,0.2629556097064709,0.7370443902935291
historical_55_2018-12-07,2018-12-07,train,1,1,0.23888502502013542,0.7611149749798646
historical_55_2018-12-10,2018-12-10,train,1,1,0.17055133255025912,0.8294486674497409
historical_55_2018-12-11,2018-12-11,train,1,1,0.1620203410681691,0.8379796589318309
historical_55_2018-12-12,2018-12-12,train,1,1,0.20482679941324988,0.7951732005867501
historical_55_2018-12-13,2018-12-13,train,1,1,0.23137955536630916,0.7686204446336908
historical_55_2018-12-14,2018-12-14,train,1,1,0.28363467620208815,0.7163653237979118
historical_55_2018-12-17,2018-12-17,train,1,1,0.2557406405075566,0.7442593594924434
historical_55_2018-12-18,2018-12-18,train,1,1,0.29306832331726484,0.7069316766827352
historical_55_2018-12-19,2018-12-19,train,1,1,0.18161442697100005,0.818385573029
historical_55_2018-12-25,2018-12-25,train,1,0,0.6155478369461415,0.38445216305385854
historical_55_2018-12-26,2018-12-26,train,1,0,0.6548231936288735,0.34517680637112647
historical_55_2018-12-28,2018-12-28,train,1,0,0.6483466520103309,0.35165334798966913
historical_55_2019-01-04,2019-01-04,train,1,0,0.6874041642358579,0.312595835764142
historical_55_2019-01-07,2019-01-07,train,1,0,0.6192422191713366,0.3807577808286634
historical_55_2019-01-22,2019-01-22,train,1,0,0.6385195237900589,0.36148047620994106
historical_55_2019-01-23,2019-01-23,train,1,0,0.6324896405714817,0.36751035942851823
historical_55_2019-01-24,2019-01-24,train,1,0,0.6212507896101617,0.37874921038983833
historical_55_2019-01-25,2019-01-25,train,0,0,0.6155148997571879,0.38448510024281213
historical_55_2019-01-28,2019-01-28,train,1,0,0.6456744839736248,0.35432551602637524
historical_55_2019-01-29,2019-01-29,train,1,0,0.6285796904914014,0.3714203095085986
historical_55_2019-01-30,2019-01-30,train,1,0,0.6211090508243892,0.37889094917561084
historical_55_2019-01-31,2019-01-31,train,1,0,0.6065762625626311,0.3934237374373689
historical_55_2019-02-01,2019-02-01,train,1,0,0.6153911262379634,0.38460887376203656
historical_55_2019-02-05,2019-02-05,train,0,0,0.5915240276407209,0.4084759723592791
historical_55_2019-02-08,2019-02-08,train,1,0,0.6369959262993172,0.3630040737006828
historical_55_2019-03-08,2019-03-08,train,1,0,0.7148859283242768,0.28511407167572317
historical_55_2019-03-25,2019-03-25,train,1,0,0.7830901775252824,0.21690982247471757
historical_55_2019-03-26,2019-03-26,train,0,0,0.7171789810595102,0.2828210189404899
historical_55_2019-03-27,2019-03-27,train,1,0,0.7322679080582812,0.2677320919417188
historical_55_2019-03-28,2019-03-28,train,1,0,0.773106985941867,0.22689301405813303
historical_55_2019-03-29,2019-03-29,train,1,0,0.680636584220039,0.319363415779961
historical_55_2019-04-19,2019-04-19,train,1,1,0.2851578537754069,0.7148421462245931
historical_55_2019-04-22,2019-04-22,train,1,1,0.3078302481055364,0.6921697518944636
historical_55_2019-04-23,2019-04-23,train,1,1,0.23027010229131784,0.7697298977086822
historical_55_2019-04-24,2019-04-24,train,1,1,0.195767746242973,0.804232253757027
historical_55_2019-04-25,2019-04-25,train,1,1,0.18568282122202295,0.814317178777977
historical_55_2019-04-26,2019-04-26,train,1,1,0.1949142834372133,0.8050857165627867
historical_55_2019-05-07,2019-05-07,train,1,1,0.18813374057480103,0.811866259425199
historical_55_2019-05-08,2019-05-08,train,1,1,0.2294932257759964,0.7705067742240036
historical_55_2019-05-09,2019-05-09,train,1,1,0.12802999249737135,0.8719700075026287
historical_55_2019-06-03,2019-06-03,train,1,0,0.5809044634529479,0.41909553654705217
historical_55_2019-06-04,2019-06-04,train,1,0,0.717654916725389,0.282345083274611
historical_55_2019-06-05,2019-06-05,train,1,0,0.6479092485544558,0.3520907514455443
historical_55_2019-06-06,2019-06-06,train,1,0,0.6765305131100267,0.32346948688997335
historical_55_2019-06-07,2019-06-07,train,1,0,0.7028705817737593,0.2971294182262407
historical_55_2019-07-04,2019-07-04,train,1,1,0.3189292603820896,0.6810707396179104
historical_55_2019-07-05,2019-07-05,train,1,1,0.30331713606742716,0.6966828639325728
historical_55_2019-07-08,2019-07-08,train,1,1,0.29399352425140035,0.7060064757485996
historical_55_2019-07-09,2019-07-09,train,1,1,0.22501292576118215,0.7749870742388179
historical_55_2019-07-10,2019-07-10,train,1,1,0.21310301926909547,0.7868969807309045
historical_55_2019-07-11,2019-07-11,train,1,1,0.2274538781967388,0.7725461218032612
historical_55_2019-07-12,2019-07-12,train,1,1,0.16467286803461512,0.8353271319653849
historical_55_2019-07-16,2019-07-16,train,1,1,0.21571649629991696,0.784283503700083
historical_55_2019-07-17,2019-07-17,train,1,1,0.20916439300610667,0.7908356069938933
historical_55_2019-07-18,2019-07-18,train,1,1,0.251674184799073,0.748325815200927
historical_55_2019-07-19,2019-07-19,train,1,1,0.20696917748765242,0.7930308225123476
historical_55_2019-07-22,2019-07-22,train,1,1,0.21072639398902637,0.7892736060109736
historical_55_2019-07-23,2019-07-23,train,1,1,0.21648956333445757,0.7835104366655424
historical_55_2019-07-24,2019-07-24,train,1,1,0.1941176581252696,0.8058823418747304
historical_55_2019-07-25,2019-07-25,train,1,1,0.18741403179777405,0.812585968202226
historical_55_2019-07-26,2019-07-26,train,1,1,0.222719774171941,0.777280225828059
historical_55_2019-07-29,2019-07-29,train,1,1,0.21113596966929338,0.7888640303307066
historical_55_2019-07-30,2019-07-30,train,1,1,0.2096059270618431,0.7903940729381569
historical_55_2019-07-31,2019-07-31,train,1,1,0.14456981030056348,0.8554301896994365
historical_55_2019-08-01,2019-08-01,train,1,1,0.19912603322880884,0.8008739667711912
historical_55_2019-08-02,2019-08-02,train,1,1,0.2597921994788541,0.7402078005211459
historical_55_2019-08-13,2019-08-13,train,1,0,0.6208436088356706,0.3791563911643295
historical_55_2019-08-14,2019-08-14,train,1,0,0.6268201294381464,0.37317987056185364
historical_55_2019-08-15,2019-08-15,train,1,0,0.6531229000775887,0.3468770999224113
historical_55_2019-08-16,2019-08-16,train,1,0,0.625051870979813,0.3749481290201871
historical_55_2019-08-19,2019-08-19,train,1,0,0.6590873761225646,0.34091262387743543
historical_55_2019-08-20,2019-08-20,train,1,0,0.6514714641235742,0.3485285358764259
historical_55_2019-08-21,2019-08-21,train,0,0,0.6551820042461914,0.34481799575380856
historical_55_2019-08-23,2019-08-23,train,0,0,0.6408274923986379,0.35917250760136205
historical_55_2019-08-26,2019-08-26,train,1,0,0.7122919811302522,0.28770801886974784
historical_55_2019-08-27,2019-08-27,train,1,0,0.6163051272156476,0.38369487278435244
historical_55_2019-08-28,2019-08-28,train,1,0,0.639192710820413,0.36080728917958704
historical_55_2019-08-29,2019-08-29,train,1,0,0.6281674861050892,0.3718325138949108
historical_55_2019-08-30,2019-08-30,train,1,0,0.592692253151436,0.40730774684856397
historical_55_2019-09-02,2019-09-02,train,1,0,0.638767217930357,0.36123278206964304
historical_55_2019-09-04,2019-09-04,train,1,0,0.6319122755761892,0.36808772442381077
historical_55_2019-09-25,2019-09-25,train,0,0,0.6311443905070763,0.36885560949292373
historical_55_2019-09-27,2019-09-27,train,1,0,0.6284466829232006,0.3715533170767994
historical_55_2019-09-30,2019-09-30,train,0,0,0.6105834099229046,0.3894165900770954
historical_55_2019-10-01,2019-10-01,train,0,0,0.622484442530364,0.377515557469636
historical_55_2019-10-02,2019-10-02,train,0,0,0.6339070879429365,0.3660929120570635
historical_55_2019-10-03,2019-10-03,train,1,0,0.6401333706476158,0.3598666293523843
historical_55_2019-10-04,2019-10-04,train,1,0,0.6291674497475026,0.37083255025249734
historical_55_2019-10-07,2019-10-07,train,1,0,0.6549968208268506,0.3450031791731494
historical_55_2019-10-08,2019-10-08,train,1,0,0.6275792087237928,0.3724207912762072
historical_55_2019-10-09,2019-10-09,train,1,0,0.6631264930036107,0.3368735069963893
historical_55_2019-10-10,2019-10-10,train,1,0,0.6344581073608767,0.3655418926391233
historical_55_2019-10-11,2019-10-11,train,1,0,0.6015823398506445,0.39841766014935553
historical_55_2019-10-15,2019-10-15,train,1,0,0.5956578615992412,0.4043421384007588
historical_55_2019-10-16,2019-10-16,train,1,0,0.539311122526944,0.4606888774730559
historical_55_2019-10-17,2019-10-17,train,1,0,0.6223912102769819,0.37760878972301815
historical_55_2019-10-18,2019-10-18,train,1,0,0.6176365376170241,0.38236346238297586
historical_55_2019-12-23,2019-12-23,train,1,1,0.2030082501789474,0.7969917498210526
historical_55_2019-12-24,2019-12-24,train,1,1,0.211775716908721,0.788224283091279
historical_55_2019-12-25,2019-12-25,train,1,1,0.22367148306379658,0.7763285169362034
historical_55_2019-12-26,2019-12-26,train,1,1,0.2079977154731354,0.7920022845268646
historical_55_2019-12-27,2019-12-27,train,1,1,0.20057158358159188,0.7994284164184081
historical_55_2019-12-30,2019-12-30,train,1,1,0.1936264106919069,0.8063735893080931
historical_55_2020-01-17,2020-01-17,train,1,1,0.17790087821040912,0.8220991217895909
historical_55_2020-01-20,2020-01-20,train,1,1,0.19340165406944765,0.8065983459305524
historical_55_2020-01-21,2020-01-21,train,1,1,0.17275256618379642,0.8272474338162036
historical_55_2020-01-22,2020-01-22,train,1,1,0.17398589512904006,0.8260141048709599
historical_55_2020-01-23,2020-01-23,train,1,1,0.1838811437011857,0.8161188562988143
historical_55_2020-01-24,2020-01-24,train,1,1,0.19119410769537637,0.8088058923046236
historical_55_2020-01-27,2020-01-27,train,1,1,0.18627111067805147,0.8137288893219485
historical_55_2020-01-28,2020-01-28,train,1,1,0.1622534006461206,0.8377465993538794
historical_55_2020-01-29,2020-01-29,train,1,1,0.16447462875153462,0.8355253712484654
historical_55_2020-01-30,2020-01-30,train,1,1,0.24364892912933211,0.7563510708706679
historical_55_2020-01-31,2020-01-31,train,1,1,0.14043401205280293,0.8595659879471971
historical_55_2020-02-03,2020-02-03,train,0,1,0.247691579053113,0.752308420946887
historical_55_2020-02-04,2020-02-04,train,0,1,0.15023209864496967,0.8497679013550303
historical_55_2020-02-05,2020-02-05,train,1,1,0.16824266278907762,0.8317573372109224
historical_55_2020-02-06,2020-02-06,train,1,1,0.11958633598199675,0.8804136640180033
historical_55_2020-02-07,2020-02-07,train,1,1,0.16245795625278525,0.8375420437472147
historical_55_2020-02-10,2020-02-10,train,1,1,0.1779323388476619,0.8220676611523381
historical_55_2020-02-12,2020-02-12,train,1,1,0.15319964529109875,0.8468003547089012
historical_55_2020-02-13,2020-02-13,train,1,1,0.16648057106564274,0.8335194289343573
historical_55_2020-02-14,2020-02-14,train,1,1,0.1668392580948468,0.8331607419051532
historical_55_2020-02-17,2020-02-17,train,1,1,0.18800219801830387,0.8119978019816961
historical_55_2020-02-18,2020-02-18,train,1,1,0.21863951349050825,0.7813604865094917
historical_55_2020-02-19,2020-02-19,train,1,1,0.15992387065203206,0.8400761293479679
historical_55_2020-02-20,2020-02-20,train,1,1,0.16578166203804645,0.8342183379619535
historical_55_2020-02-21,2020-02-21,train,1,1,0.17512909623881479,0.8248709037611852
historical_55_2020-02-25,2020-02-25,train,1,1,0.14998408350440373,0.8500159164955963
historical_55_2020-02-26,2020-02-26,train,1,1,0.32991299120133066,0.6700870087986693
historical_55_2020-02-27,2020-02-27,train,1,1,0.2434669120263847,0.7565330879736153
historical_55_2020-02-28,2020-02-28,train,1,1,0.17386535485414645,0.8261346451458536
historical_55_2020-03-02,2020-03-02,train,1,1,0.17485122998212188,0.8251487700178781
historical_55_2020-03-03,2020-03-03,train,1,1,0.3073810271393199,0.6926189728606801
historical_55_2020-03-04,2020-03-04,train,1,1,0.23490014074180787,0.7650998592581921
historical_55_2020-03-05,2020-03-05,train,1,1,0.21663296753733674,0.7833670324626633
historical_55_2020-03-06,2020-03-06,train,1,1,0.23501122194932478,0.7649887780506752
historical_55_2020-03-09,2020-03-09,train,1,1,0.1957384947588201,0.8042615052411799
historical_55_2020-03-10,2020-03-10,train,1,1,0.16147293171599064,0.8385270682840094
historical_55_2020-03-11,2020-03-11,train,1,1,0.23867760895904333,0.7613223910409567
historical_55_2020-03-12,2020-03-12,train,1,1,0.14813033226123107,0.8518696677387689
historical_55_2020-03-16,2020-03-16,train,0,0,0.6416349944628612,0.35836500553713885
historical_55_2020-03-18,2020-03-18,train,1,0,0.5703200966119646,0.4296799033880354
historical_55_2020-03-19,2020-03-19,train,1,0,0.5062965201854821,0.4937034798145179
historical_55_2020-03-23,2020-03-23,train,1,1,0.4750786982717028,0.5249213017282972
historical_55_2020-03-24,2020-03-24,train,1,1,0.4468963559315061,0.5531036440684939
historical_55_2020-03-25,2020-03-25,train,1,1,0.1250972443322268,0.8749027556677732
historical_55_2020-03-26,2020-03-26,train,1,0,0.6136464113281879,0.3863535886718122
historical_55_2020-03-27,2020-03-27,train,1,1,0.13067509026628588,0.8693249097337141
historical_55_2020-03-30,2020-03-30,train,1,1,0.202255298943809,0.797744701056191
historical_55_2020-04-01,2020-04-01,train,1,0,0.6008798587443785,0.39912014125562145
historical_55_2020-04-02,2020-04-02,train,1,0,0.621816121897611,0.37818387810238896
historical_55_2020-04-03,2020-04-03,train,1,0,0.5963846384631597,0.4036153615368403
historical_55_2020-04-06,2020-04-06,train,1,0,0.5848749477452464,0.4151250522547536
historical_55_2020-04-07,2020-04-07,train,1,0,0.5689518660619146,0.43104813393808544
historical_55_2020-04-08,2020-04-08,train,0,0,0.5771199189228974,0.4228800810771026
historical_55_2020-04-09,2020-04-09,train,1,0,0.6037049335584039,0.396295066441596
historical_55_2020-04-13,2020-04-13,train,1,0,0.6408469076185934,0.3591530923814066
historical_55_2020-04-15,2020-04-15,train,1,0,0.6034333684634045,0.39656663153659555
historical_55_2020-04-16,2020-04-16,train,1,0,0.6041008484742839,0.3958991515257161
historical_55_2020-04-20,2020-04-20,train,0,0,0.655541143010774,0.344458856989226
historical_55_2020-04-21,2020-04-21,train,1,0,0.6236023339759257,0.3763976660240743
historical_55_2020-04-22,2020-04-22,train,1,0,0.6331840548308862,0.3668159451691137
historical_55_2020-04-23,2020-04-23,train,1,0,0.6530625598871371,0.3469374401128628
historical_55_2020-04-24,2020-04-24,train,1,0,0.5957729501452924,0.40422704985470764
historical_55_2020-04-28,2020-04-28,train,1,0,0.698705845403929,0.30129415459607095
historical_55_2020-04-30,2020-04-30,train,1,0,0.6311516089541146,0.3688483910458854
historical_55_2020-05-01,2020-05-01,train,1,0,0.686604121036223,0.313395878963777
historical_55_2020-05-07,2020-05-07,train,1,0,0.6857922637350111,0.31420773626498893
historical_55_2020-05-08,2020-05-08,train,1,0,0.6834996443492743,0.31650035565072565
historical_55_2020-05-11,2020-05-11,train,0,0,0.6793480639200769,0.3206519360799231
historical_55_2020-05-12,2020-05-12,train,0,0,0.7108238251484965,0.2891761748515035
historical_55_2020-05-14,2020-05-14,train,1,0,0.7038937032581056,0.2961062967418943
historical_55_2020-05-15,2020-05-15,train,1,0,0.6950763098299448,0.3049236901700552
historical_55_2020-05-18,2020-05-18,train,1,0,0.7012328074938436,0.2987671925061564
historical_55_2020-05-19,2020-05-19,train,1,0,0.6839836292125208,0.3160163707874793
historical_55_2020-05-20,2020-05-20,train,1,0,0.6891252173539109,0.3108747826460891
historical_55_2020-05-21,2020-05-21,train,1,0,0.7005449937501391,0.29945500624986093
historical_55_2020-05-22,2020-05-22,train,1,0,0.7171005900232035,0.2828994099767965
historical_55_2020-05-25,2020-05-25,train,1,0,0.6996260068400915,0.3003739931599086
historical_55_2020-05-26,2020-05-26,train,1,0,0.6501143627793355,0.34988563722066446
historical_55_2020-05-27,2020-05-27,train,1,0,0.6448572136353321,0.35514278636466795
historical_55_2020-06-03,2020-06-03,train,1,1,0.16552309984772495,0.834476900152275
historical_55_2020-06-04,2020-06-04,train,1,1,0.18568045843576753,0.8143195415642325
historical_55_2020-06-05,2020-06-05,train,1,1,0.19114926781644703,0.808850732183553
historical_55_2020-06-08,2020-06-08,train,1,1,0.15863219627844583,0.8413678037215542
historical_55_2020-06-09,2020-06-09,train,1,1,0.18122143138830604,0.818778568611694
historical_55_2020-06-10,2020-06-10,train,1,1,0.1857886611792332,0.8142113388207668
historical_55_2020-06-15,2020-06-15,train,1,0,0.5846949127572036,0.41530508724279636
historical_55_2020-07-01,2020-07-01,train,1,1,0.20494328405305973,0.7950567159469403
historical_55_2020-07-31,2020-07-31,train,1,0,0.5610497919464084,0.4389502080535917
historical_55_2020-08-03,2020-08-03,train,1,0,0.6536110474046599,0.34638895259534014
historical_55_2020-08-05,2020-08-05,train,1,0,0.669562015318907,0.33043798468109303
historical_55_2020-08-06,2020-08-06,train,1,0,0.6391295241791803,0.36087047582081966
historical_55_2020-10-09,2020-10-09,train,1,0,0.6883064964497775,0.3116935035502225
historical_55_2020-10-12,2020-10-12,train,1,0,0.6991697695235392,0.30083023047646085
historical_55_2020-10-14,2020-10-14,train,1,0,0.7007955303490663,0.29920446965093367
historical_55_2020-10-15,2020-10-15,train,1,0,0.7047701004972117,0.29522989950278833
historical_55_2020-10-16,2020-10-16,train,1,0,0.6753238434115754,0.32467615658842464
historical_55_2020-10-20,2020-10-20,train,1,0,0.7069998030126629,0.29300019698733715
historical_55_2020-10-22,2020-10-22,train,1,0,0.7121658784479936,0.28783412155200633
historical_55_2020-10-23,2020-10-23,train,1,0,0.7078763958131564,0.2921236041868435
historical_55_2020-10-27,2020-10-27,train,0,0,0.7073428665383616,0.29265713346163835
historical_55_2020-10-29,2020-10-29,train,1,0,0.6752522583041503,0.32474774169584975
historical_55_2020-10-30,2020-10-30,train,1,0,0.720994882671567,0.279005117328433
historical_55_2020-11-02,2020-11-02,train,1,0,0.7049623256167981,0.2950376743832019
historical_55_2020-11-04,2020-11-04,train,1,0,0.6147280816054955,0.3852719183945045
historical_55_2020-11-05,2020-11-05,train,1,0,0.5983043830163757,0.40169561698362427
historical_55_2020-11-06,2020-11-06,train,1,0,0.6184584241040769,0.381541575895923
historical_55_2020-11-09,2020-11-09,train,1,0,0.6097364652940528,0.3902635347059472
historical_55_2020-11-10,2020-11-10,train,1,0,0.680170761249079,0.31982923875092095
historical_55_2020-11-11,2020-11-11,train,1,0,0.6139830719229019,0.3860169280770981
historical_55_2020-11-12,2020-11-12,train,1,0,0.6283702065887085,0.3716297934112915
historical_55_2020-11-13,2020-11-13,train,1,0,0.612146814064155,0.38785318593584495
historical_55_2020-11-18,2020-11-18,train,1,0,0.6389684965707579,0.36103150342924206
historical_55_2020-11-19,2020-11-19,train,1,0,0.6577225020967852,0.34227749790321477
historical_55_2020-11-20,2020-11-20,train,1,0,0.6464743605118211,0.3535256394881789
historical_55_2021-02-16,2021-02-16,train,1,1,0.1463522141746194,0.8536477858253806
historical_55_2021-02-19,2021-02-19,train,1,1,0.2003726862373877,0.7996273137626123
historical_55_2021-02-22,2021-02-22,train,1,1,0.18491338433442606,0.8150866156655739
historical_55_2021-02-24,2021-02-24,train,1,1,0.18082933118536237,0.8191706688146376
historical_55_2021-02-25,2021-02-25,train,1,1,0.16933452349575628,0.8306654765042437
historical_55_2021-03-18,2021-03-18,train,1,1,0.15588021333729452,0.8441197866627055
historical_55_2021-04-01,2021-04-01,train,1,1,0.18262286952670548,0.8173771304732945
historical_55_2021-04-02,2021-04-02,train,1,1,0.1905122869007435,0.8094877130992565
historical_55_2021-04-05,2021-04-05,train,1,1,0.1920602060583222,0.8079397939416778
historical_55_2021-04-07,2021-04-07,train,1,1,0.18623572817923617,0.8137642718207638
historical_55_2021-04-08,2021-04-08,train,1,1,0.21407655995767316,0.7859234400423268
historical_55_2021-04-09,2021-04-09,train,1,1,0.18275316159964772,0.8172468384003523
historical_55_2021-04-12,2021-04-12,train,1,1,0.21042174169929517,0.7895782583007048
historical_55_2021-04-13,2021-04-13,train,1,1,0.1983286935576325,0.8016713064423675
historical_55_2021-04-14,2021-04-14,train,1,1,0.2063785616731869,0.7936214383268131
historical_55_2021-04-15,2021-04-15,train,1,1,0.2211345746527973,0.7788654253472027
historical_55_2021-04-16,2021-04-16,train,1,1,0.20397827633017784,0.7960217236698222
historical_55_2021-04-19,2021-04-19,train,1,1,0.20856535989412595,0.791434640105874
historical_55_2021-04-20,2021-04-20,train,1,1,0.1914685435081166,0.8085314564918834
historical_55_2021-04-22,2021-04-22,train,1,1,0.19396130310814408,0.8060386968918559
historical_55_2021-04-23,2021-04-23,train,1,1,0.2120160011459019,0.7879839988540981
historical_55_2021-05-10,2021-05-10,train,1,1,0.22137095049153477,0.7786290495084652
historical_55_2021-05-13,2021-05-13,train,1,0,0.6390829538954479,0.36091704610455216
historical_55_2021-05-17,2021-05-17,train,1,0,0.6836318928792099,0.3163681071207901
historical_55_2021-05-18,2021-05-18,train,1,0,0.6436533368927406,0.35634666310725943
historical_55_2021-05-19,2021-05-19,train,1,0,0.6877650688241197,0.31223493117588025
historical_55_2021-06-09,2021-06-09,train,1,1,0.2157980169688849,0.7842019830311151
historical_55_2021-06-10,2021-06-10,train,1,1,0.21591920593027603,0.784080794069724
historical_55_2021-06-11,2021-06-11,train,1,1,0.19417767051662882,0.8058223294833712
historical_55_2021-06-14,2021-06-14,train,1,1,0.2533309233912584,0.7466690766087416
historical_55_2021-06-15,2021-06-15,train,1,1,0.20891795815704217,0.7910820418429578
historical_55_2021-06-16,2021-06-16,train,1,1,0.2158092104181485,0.7841907895818515
historical_55_2021-06-17,2021-06-17,train,1,1,0.21548956615003234,0.7845104338499677
historical_55_2021-06-18,2021-06-18,train,1,1,0.17884991981628584,0.8211500801837142
historical_55_2021-06-22,2021-06-22,train,1,1,0.21665575912381607,0.7833442408761839
historical_55_2021-06-23,2021-06-23,train,1,1,0.27638713016775396,0.723612869832246
historical_55_2021-06-24,2021-06-24,train,1,1,0.29913449577210816,0.7008655042278918
historical_55_2021-06-25,2021-06-25,train,1,1,0.2798437534215106,0.7201562465784894
historical_55_2021-06-28,2021-06-28,train,1,1,0.31467747840079086,0.6853225215992091
historical_55_2021-06-29,2021-06-29,train,1,1,0.2731602471535972,0.7268397528464028
historical_55_2021-06-30,2021-06-30,train,1,1,0.25759820645333376,0.7424017935466662
historical_55_2021-07-01,2021-07-01,train,1,1,0.28567881199464085,0.7143211880053592
historical_55_2021-07-02,2021-07-02,train,1,1,0.2835166094345669,0.7164833905654331
historical_55_2021-07-05,2021-07-05,train,1,1,0.320371299079136,0.679628700920864
historical_55_2021-07-06,2021-07-06,train,1,1,0.3029394504019379,0.6970605495980621
historical_55_2021-07-07,2021-07-07,train,1,1,0.27429613270477127,0.7257038672952287
historical_55_2021-07-12,2021-07-12,train,1,1,0.2617309588794089,0.7382690411205911
historical_55_2021-07-13,2021-07-13,train,1,1,0.3023390339181127,0.6976609660818873
historical_55_2021-07-14,2021-07-14,train,1,1,0.2803145721731538,0.7196854278268462
historical_55_2021-07-15,2021-07-15,train,1,1,0.2889637180452789,0.7110362819547211
historical_55_2021-08-05,2021-08-05,train,1,0,0.7188826835816431,0.2811173164183569
historical_55_2021-08-06,2021-08-06,train,1,0,0.6851039595134881,0.3148960404865119
historical_55_2021-08-10,2021-08-10,train,1,0,0.690533026042874,0.30946697395712597
historical_55_2021-08-11,2021-08-11,train,0,0,0.7252351542391209,0.2747648457608792
historical_55_2021-08-12,2021-08-12,train,0,0,0.7166812130468323,0.2833187869531677
historical_55_2021-08-13,2021-08-13,train,0,0,0.7282577336807035,0.2717422663192965
historical_55_2021-08-17,2021-08-17,train,0,0,0.7886625511681042,0.2113374488318957
historical_55_2021-08-18,2021-08-18,train,1,0,0.7100563558278774,0.2899436441721226
historical_55_2021-08-19,2021-08-19,train,1,0,0.7605449165109504,0.23945508348904965
historical_55_2021-08-20,2021-08-20,train,1,0,0.5977772037988436,0.4022227962011565
historical_55_2021-08-23,2021-08-23,train,1,0,0.6692450015079487,0.3307549984920512
historical_55_2021-08-24,2021-08-24,train,1,0,0.6900567042070486,0.30994329579295143
historical_55_2021-08-25,2021-08-25,train,1,0,0.706729910156447,0.2932700898435529
historical_55_2021-08-26,2021-08-26,train,1,0,0.7011277820641837,0.2988722179358163
historical_55_2021-08-27,2021-08-27,train,1,0,0.7034081259420908,0.2965918740579092
historical_55_2021-08-30,2021-08-30,train,1,0,0.6931109669584923,0.30688903304150766
historical_55_2021-08-31,2021-08-31,train,1,0,0.6286468925620019,0.37135310743799804
historical_55_2021-09-03,2021-09-03,train,0,1,0.17645842794151245,0.8235415720584875
historical_55_2021-09-06,2021-09-06,train,1,1,0.19421186252124123,0.8057881374787588
historical_55_2021-09-07,2021-09-07,train,1,1,0.21316778266551595,0.786832217334484
historical_55_2021-09-08,2021-09-08,train,1,1,0.1898055280681058,0.8101944719318942
historical_55_2021-09-09,2021-09-09,train,1,1,0.19322882682233555,0.8067711731776644
historical_55_2021-09-10,2021-09-10,train,1,1,0.12680273152920907,0.8731972684707909
historical_55_2021-09-13,2021-09-13,train,1,1,0.19274353459599647,0.8072564654040035
historical_55_2021-09-14,2021-09-14,train,1,1,0.16076353691801148,0.8392364630819885
historical_55_2021-09-15,2021-09-15,train,1,1,0.19749353793659363,0.8025064620634064
historical_55_2021-09-16,2021-09-16,train,1,1,0.2347129079396134,0.7652870920603866
historical_55_2021-09-17,2021-09-17,train,1,1,0.15538115600597724,0.8446188439940228
historical_55_2021-09-21,2021-09-21,train,1,1,0.21036578707445597,0.789634212925544
historical_55_2021-09-22,2021-09-22,train,1,1,0.1795437706958648,0.8204562293041352
historical_55_2021-09-24,2021-09-24,train,1,1,0.14521842413972907,0.8547815758602709
historical_55_2021-09-27,2021-09-27,train,1,1,0.1786926818024609,0.8213073181975391
historical_55_2021-09-28,2021-09-28,train,1,1,0.17248926016159782,0.8275107398384022
historical_55_2021-09-29,2021-09-29,train,1,1,0.1977735853683248,0.8022264146316752
historical_55_2021-09-30,2021-09-30,train,1,1,0.16372779300257867,0.8362722069974213
historical_55_2021-10-04,2021-10-04,train,0,0,0.6580174623353973,0.34198253766460274
historical_55_2021-10-05,2021-10-05,train,1,0,0.5252079430238465,0.4747920569761534
historical_55_2021-10-06,2021-10-06,train,1,0,0.7607157955171926,0.23928420448280746
historical_55_2021-10-07,2021-10-07,train,1,0,0.6581892337734159,0.3418107662265842
historical_55_2021-10-08,2021-10-08,train,1,0,0.6250980899254455,0.3749019100745546
historical_55_2021-10-13,2021-10-13,train,1,0,0.6718876042591774,0.3281123957408226
historical_55_2021-10-14,2021-10-14,train,1,0,0.6690579706759394,0.3309420293240605
historical_55_2021-10-21,2021-10-21,train,1,0,0.6945477586758345,0.3054522413241655
historical_55_2021-10-28,2021-10-28,train,1,1,0.16636975099309792,0.8336302490069021
historical_55_2021-10-29,2021-10-29,train,0,1,0.2355827637086204,0.7644172362913796
historical_55_2021-11-01,2021-11-01,train,1,1,0.20687122143897796,0.793128778561022
historical_55_2021-11-02,2021-11-02,train,1,1,0.24043944002885864,0.7595605599711414
historical_55_2021-11-04,2021-11-04,train,1,1,0.21021182849053432,0.7897881715094657
historical_55_2021-11-05,2021-11-05,train,1,1,0.25334814177145126,0.7466518582285487
historical_55_2021-11-11,2021-11-11,train,1,1,0.2581561336349404,0.7418438663650596
historical_55_2021-11-12,2021-11-12,train,1,1,0.23460488530000845,0.7653951146999916
historical_55_2021-11-15,2021-11-15,train,1,1,0.2623771430155567,0.7376228569844433
historical_55_2021-11-16,2021-11-16,train,1,1,0.2618988584135665,0.7381011415864335
historical_55_2021-11-17,2021-11-17,train,1,1,0.2518815928910163,0.7481184071089837
historical_55_2021-11-18,2021-11-18,train,1,1,0.26375802012787264,0.7362419798721274
historical_55_2021-11-19,2021-11-19,train,1,1,0.24329763661000392,0.7567023633899961
historical_55_2021-11-22,2021-11-22,train,1,1,0.26698798335600693,0.7330120166439931
historical_55_2021-11-24,2021-11-24,train,1,1,0.2586992797049231,0.7413007202950769
historical_55_2021-11-25,2021-11-25,train,1,1,0.2872229379828294,0.7127770620171706
historical_55_2021-11-30,2021-11-30,train,1,0,0.5303526492911731,0.4696473507088269
historical_55_2021-12-02,2021-12-02,train,1,0,0.7531584071571649,0.24684159284283513
historical_55_2021-12-03,2021-12-03,train,1,0,0.7141489975641871,0.28585100243581285
historical_55_2021-12-06,2021-12-06,train,1,0,0.7210856321745969,0.27891436782540313
historical_55_2021-12-09,2021-12-09,train,1,1,0.2777315226577386,0.7222684773422614
historical_55_2021-12-16,2021-12-16,train,1,1,0.26630329009468956,0.7336967099053104
historical_55_2021-12-17,2021-12-17,train,1,1,0.2577667394288401,0.7422332605711599
historical_55_2021-12-21,2021-12-21,train,1,1,0.2839228736657937,0.7160771263342063
historical_55_2021-12-22,2021-12-22,train,1,1,0.2980325819157511,0.7019674180842489
historical_55_2021-12-23,2021-12-23,train,1,1,0.3053191007960776,0.6946808992039224
historical_55_2021-12-24,2021-12-24,train,1,1,0.3215524798576356,0.6784475201423644
historical_55_2021-12-27,2021-12-27,train,1,1,0.3103972869407191,0.6896027130592809
historical_55_2021-12-28,2021-12-28,train,1,1,0.28774596526273655,0.7122540347372635
historical_55_2021-12-29,2021-12-29,train,1,1,0.2965305855017697,0.7034694144982303
historical_55_2021-12-30,2021-12-30,train,1,1,0.2896295141631352,0.7103704858368648
historical_55_2022-01-04,2022-01-04,train,1,1,0.23552598781330458,0.7644740121866954
historical_55_2022-01-05,2022-01-05,train,1,1,0.23574777045260042,0.7642522295473996
historical_55_2022-01-06,2022-01-06,train,1,1,0.29249446944659396,0.707505530553406
historical_55_2022-01-07,2022-01-07,train,1,1,0.267662608025901,0.732337391974099
historical_55_2022-01-11,2022-01-11,train,1,1,0.262802615243101,0.737197384756899
historical_55_2022-01-12,2022-01-12,train,1,1,0.2586930348343608,0.7413069651656392
historical_55_2022-01-13,2022-01-13,train,1,1,0.28673403394416697,0.713265966055833
historical_55_2022-01-14,2022-01-14,train,1,1,0.32346043123906454,0.6765395687609355
historical_55_2022-01-17,2022-01-17,train,1,1,0.28880479866443487,0.7111952013355651
historical_55_2022-01-18,2022-01-18,train,1,1,0.272664825369075,0.727335174630925
historical_55_2022-01-20,2022-01-20,train,1,1,0.26257199219192384,0.7374280078080762
historical_55_2022-01-21,2022-01-21,train,1,1,0.2570329160331689,0.7429670839668311
historical_55_2022-01-24,2022-01-24,train,1,1,0.23663525380691064,0.7633647461930894
historical_55_2022-01-25,2022-01-25,train,1,1,0.3187521537538729,0.6812478462461271
historical_55_2022-01-26,2022-01-26,train,1,1,0.2973497578045716,0.7026502421954284
historical_55_2022-01-31,2022-01-31,train,1,1,0.205613220478288,0.794386779521712
historical_55_2022-02-01,2022-02-01,train,1,1,0.21358572288971078,0.7864142771102892
historical_55_2022-02-02,2022-02-02,train,1,1,0.20992776433925187,0.7900722356607481
historical_55_2022-02-03,2022-02-03,train,1,1,0.2191435013850288,0.7808564986149712
historical_55_2022-02-04,2022-02-04,train,1,1,0.21649664327234552,0.7835033567276545
historical_55_2022-02-07,2022-02-07,train,1,1,0.23062578422257762,0.7693742157774224
historical_55_2022-02-08,2022-02-08,train,1,1,0.22651508718031454,0.7734849128196855
historical_55_2022-02-09,2022-02-09,train,1,1,0.21605401027486992,0.7839459897251301
historical_55_2022-02-10,2022-02-10,train,1,1,0.21543627687538636,0.7845637231246136
historical_55_2022-02-14,2022-02-14,train,1,1,0.2420239211991172,0.7579760788008828
historical_55_2022-02-15,2022-02-15,train,1,1,0.23773220487811253,0.7622677951218875
historical_55_2022-02-16,2022-02-16,train,1,1,0.2343561559313958,0.7656438440686042
historical_55_2022-02-17,2022-02-17,train,1,1,0.22804428627986217,0.7719557137201378
historical_55_2022-02-18,2022-02-18,train,1,1,0.2451632608357417,0.7548367391642583
historical_55_2022-02-21,2022-02-21,train,1,1,0.25964853216942674,0.7403514678305733
historical_55_2022-02-24,2022-02-24,train,1,0,0.5701492787414768,0.4298507212585232
historical_55_2022-03-01,2022-03-01,train,1,1,0.21705973506927334,0.7829402649307267
historical_55_2022-03-04,2022-03-04,train,0,0,0.7521865909605896,0.2478134090394104
historical_55_2022-03-07,2022-03-07,train,1,0,0.5476534507846202,0.4523465492153797
historical_55_2022-03-08,2022-03-08,train,1,0,0.5413178460116408,0.4586821539883592
historical_55_2022-03-09,2022-03-09,train,1,0,0.5273064253667655,0.47269357463323447
historical_55_2022-03-10,2022-03-10,train,0,0,0.5636365394874654,0.43636346051253455
historical_55_2022-03-11,2022-03-11,train,1,0,0.6922612718997729,0.30773872810022707
historical_55_2022-03-14,2022-03-14,train,1,0,0.6520974200049571,0.3479025799950429
historical_55_2022-03-15,2022-03-15,train,1,0,0.6889248431900351,0.3110751568099649
historical_55_2022-03-16,2022-03-16,train,1,0,0.6023293577373914,0.3976706422626086
historical_55_2022-03-23,2022-03-23,train,1,1,0.18901832046943945,0.8109816795305606
historical_55_2022-03-24,2022-03-24,train,1,1,0.21104225696755974,0.7889577430324403
historical_55_2022-03-25,2022-03-25,train,1,1,0.22133361551328146,0.7786663844867185
historical_55_2022-03-28,2022-03-28,train,1,1,0.24888521993277457,0.7511147800672254
historical_55_2022-03-29,2022-03-29,train,1,1,0.22974425426962708,0.7702557457303729
historical_55_2022-03-30,2022-03-30,train,1,1,0.2058596401927768,0.7941403598072232
historical_55_2022-03-31,2022-03-31,train,1,1,0.1975292124101936,0.8024707875898064
historical_55_2022-04-01,2022-04-01,train,1,1,0.2083638936900799,0.7916361063099201
historical_55_2022-04-04,2022-04-04,train,1,1,0.2372527904739401,0.7627472095260599
historical_55_2022-04-05,2022-04-05,train,1,1,0.21157809832736696,0.788421901672633
historical_55_2022-04-06,2022-04-06,train,1,1,0.20332139981220732,0.7966786001877927
historical_55_2022-04-07,2022-04-07,train,1,1,0.2285282885515285,0.7714717114484715
historical_55_2022-04-08,2022-04-08,train,1,1,0.20403508541761828,0.7959649145823817
historical_55_2022-04-15,2022-04-15,train,1,1,0.20708224280187637,0.7929177571981236
historical_55_2022-04-20,2022-04-20,train,1,1,0.20540339187928636,0.7945966081207136
historical_55_2022-04-21,2022-04-21,train,1,1,0.1987258352621345,0.8012741647378655
historical_55_2022-04-22,2022-04-22,train,1,1,0.20787407839812622,0.7921259216018738
historical_55_2022-05-09,2022-05-09,train,0,0,0.6314914339388417,0.36850856606115834
historical_55_2022-05-10,2022-05-10,train,1,0,0.6570699111293226,0.3429300888706775
historical_55_2022-05-11,2022-05-11,train,1,0,0.6064640606918594,0.3935359393081406
historical_55_2022-05-12,2022-05-12,train,1,0,0.5067681755108921,0.4932318244891078
historical_55_2022-05-13,2022-05-13,train,1,0,0.6014488356869802,0.39855116431301985
historical_55_2022-05-18,2022-05-18,train,1,1,0.2210564088190281,0.7789435911809719
historical_55_2022-05-20,2022-05-20,train,1,1,0.21519883138664742,0.7848011686133526
historical_55_2022-05-23,2022-05-23,train,1,1,0.23036633871518397,0.769633661284816
historical_55_2022-05-24,2022-05-24,train,1,1,0.2348735453966152,0.7651264546033848
historical_55_2022-05-25,2022-05-25,train,1,1,0.23014444459107752,0.7698555554089225
historical_55_2022-05-26,2022-05-26,train,1,1,0.2260038825249463,0.7739961174750537
historical_55_2022-05-30,2022-05-30,train,1,1,0.1540961369460222,0.8459038630539778
historical_55_2022-06-01,2022-06-01,train,1,1,0.2241826872633973,0.7758173127366027
historical_55_2022-06-02,2022-06-02,train,1,1,0.2399855109930279,0.7600144890069721
historical_55_2022-06-03,2022-06-03,train,1,1,0.20653276594653536,0.7934672340534646
historical_55_2022-06-06,2022-06-06,train,1,1,0.2397911030842761,0.7602088969157239
historical_55_2022-06-07,2022-06-07,train,1,1,0.2325153866219517,0.7674846133780483
historical_55_2022-06-08,2022-06-08,train,1,1,0.19924548287885835,0.8007545171211417
historical_55_2022-06-09,2022-06-09,train,1,1,0.22896715423097735,0.7710328457690226
historical_55_2022-06-10,2022-06-10,train,1,1,0.25249374717999407,0.7475062528200059
historical_55_2022-06-20,2022-06-20,train,1,0,0.7679874755695061,0.23201252443049394
historical_55_2022-06-21,2022-06-21,train,1,0,0.668409012676501,0.33159098732349895
historical_55_2022-06-22,2022-06-22,train,1,0,0.6877719236717945,0.31222807632820543
historical_55_2022-06-23,2022-06-23,train,1,0,0.6683167305214142,0.3316832694785858
historical_55_2022-06-24,2022-06-24,train,1,0,0.6437277089725898,0.3562722910274102
historical_55_2022-06-29,2022-06-29,train,0,0,0.6918454786403816,0.3081545213596184
historical_55_2022-06-30,2022-06-30,train,1,0,0.7047768010608706,0.29522319893912935
historical_55_2022-07-01,2022-07-01,train,1,0,0.6824266089775178,0.31757339102248217
historical_55_2022-07-04,2022-07-04,train,1,0,0.7185112746981916,0.2814887253018083
historical_55_2022-07-05,2022-07-05,train,1,0,0.6788844700125996,0.3211155299874004
historical_55_2022-07-06,2022-07-06,train,1,0,0.65581144081725,0.34418855918275
historical_55_2022-07-08,2022-07-08,train,1,0,0.6162666805575974,0.38373331944240263
historical_55_2022-07-12,2022-07-12,train,1,0,0.6629824867489293,0.33701751325107066
historical_55_2022-07-13,2022-07-13,train,1,0,0.6828784090362661,0.317121590963734
historical_55_2022-07-14,2022-07-14,train,1,0,0.6739966156704725,0.32600338432952747
historical_55_2022-07-15,2022-07-15,train,1,0,0.6825847793532254,0.3174152206467747
historical_55_2022-07-19,2022-07-19,train,1,0,0.6654660837020706,0.3345339162979294
historical_55_2022-07-20,2022-07-20,train,1,0,0.6163060571246359,0.3836939428753641
historical_55_2022-08-05,2022-08-05,train,1,1,0.22423258508559585,0.7757674149144042
historical_55_2022-08-08,2022-08-08,train,1,1,0.21898263193825862,0.7810173680617414
historical_55_2022-08-09,2022-08-09,train,0,1,0.2819671280005953,0.7180328719994047
historical_55_2022-08-17,2022-08-17,train,1,1,0.2119950253132744,0.7880049746867256
historical_55_2022-08-18,2022-08-18,train,1,1,0.26117041139214436,0.7388295886078556
historical_55_2022-08-19,2022-08-19,train,1,1,0.25589374765924633,0.7441062523407537
historical_55_2022-08-22,2022-08-22,train,1,1,0.265953726445989,0.734046273554011
historical_55_2022-08-23,2022-08-23,train,1,1,0.25863564321824273,0.7413643567817573
historical_55_2022-08-24,2022-08-24,train,1,1,0.26272830774421707,0.7372716922557829
historical_55_2022-08-25,2022-08-25,train,1,1,0.27640495947692567,0.7235950405230743
historical_55_2022-08-26,2022-08-26,train,1,1,0.26870175179927147,0.7312982482007285
historical_55_2022-08-29,2022-08-29,train,1,1,0.24750913054716717,0.7524908694528328
historical_55_2022-08-30,2022-08-30,train,1,1,0.2604555078068842,0.7395444921931158
historical_55_2022-08-31,2022-08-31,train,1,1,0.21423622333630454,0.7857637766636955
historical_55_2022-09-01,2022-09-01,train,1,1,0.32309344514741223,0.6769065548525878
historical_55_2022-09-02,2022-09-02,train,1,1,0.3123123264847354,0.6876876735152646
historical_55_2022-09-05,2022-09-05,train,1,1,0.34322672784262087,0.6567732721573791
historical_55_2022-09-08,2022-09-08,train,1,1,0.23039868610007463,0.7696013138999254
historical_55_2022-09-09,2022-09-09,train,1,1,0.2137134233810286,0.7862865766189714
historical_55_2022-09-12,2022-09-12,train,1,1,0.2766304624196858,0.7233695375803142
historical_55_2022-09-13,2022-09-13,train,1,1,0.27105118837544373,0.7289488116245563
historical_55_2022-09-14,2022-09-14,train,1,1,0.26616358035167254,0.7338364196483275
historical_55_2022-09-15,2022-09-15,train,1,1,0.27120253053361143,0.7287974694663886
historical_55_2022-09-20,2022-09-20,train,1,1,0.24703289608901935,0.7529671039109807
historical_55_2022-09-21,2022-09-21,train,1,1,0.3113633905431238,0.6886366094568762
historical_55_2022-09-28,2022-09-28,train,1,0,0.6231055714892816,0.3768944285107184
historical_55_2022-09-30,2022-09-30,train,1,0,0.5547494031895291,0.44525059681047086
historical_55_2022-10-03,2022-10-03,train,1,0,0.6326884572157436,0.3673115427842563
historical_55_2022-10-11,2022-10-11,train,1,0,0.7169682707122221,0.28303172928777787
historical_55_2022-10-12,2022-10-12,train,1,0,0.7112880833102193,0.28871191668978075
historical_55_2022-10-13,2022-10-13,train,1,0,0.6824713817183966,0.3175286182816034
historical_55_2022-10-17,2022-10-17,train,1,0,0.7029773649646498,0.2970226350353502
historical_55_2022-10-21,2022-10-21,train,1,0,0.665013162127269,0.33498683787273104
historical_55_2022-10-24,2022-10-24,train,1,0,0.6778408375113538,0.3221591624886461
historical_55_2022-11-18,2022-11-18,train,1,1,0.2732036790142758,0.7267963209857242
historical_55_2022-11-21,2022-11-21,train,1,1,0.27945068997176103,0.720549310028239
historical_55_2022-11-22,2022-11-22,train,1,1,0.25908544450390025,0.7409145554960997
historical_55_2022-11-24,2022-11-24,train,1,1,0.23427903818032803,0.765720961819672
historical_55_2022-11-25,2022-11-25,train,1,1,0.2926900790633872,0.7073099209366128
historical_55_2022-11-28,2022-11-28,train,1,1,0.28629006692065206,0.7137099330793479
historical_55_2022-11-29,2022-11-29,train,1,1,0.28086788296088794,0.7191321170391121
historical_55_2022-11-30,2022-11-30,train,1,1,0.23737725465224857,0.7626227453477514
historical_55_2022-12-01,2022-12-01,train,1,1,0.2592075944448864,0.7407924055551136
historical_55_2022-12-02,2022-12-02,train,1,1,0.28084546441786173,0.7191545355821383
historical_55_2022-12-05,2022-12-05,train,1,1,0.2805426089737808,0.7194573910262192
historical_55_2022-12-06,2022-12-06,train,1,1,0.2751482413034151,0.7248517586965849
historical_55_2022-12-07,2022-12-07,train,1,1,0.2726708300294668,0.7273291699705332
historical_55_2022-12-08,2022-12-08,train,1,1,0.33489190844214056,0.6651080915578594
historical_55_2022-12-09,2022-12-09,train,1,1,0.24019531854076215,0.7598046814592379
historical_55_2022-12-12,2022-12-12,train,1,1,0.30080331448450015,0.6991966855154998
historical_55_2022-12-13,2022-12-13,train,1,1,0.2909413895767671,0.7090586104232329
historical_55_2022-12-14,2022-12-14,train,1,1,0.28728049859617066,0.7127195014038293
historical_55_2022-12-15,2022-12-15,train,1,1,0.29997485382243794,0.7000251461775621
historical_55_2022-12-16,2022-12-16,train,1,1,0.36629773551591016,0.6337022644840898
historical_55_2022-12-19,2022-12-19,train,1,1,0.23283673987607734,0.7671632601239227
historical_55_2022-12-23,2022-12-23,train,1,0,0.63136571153576,0.36863428846424
historical_55_2022-12-26,2022-12-26,train,0,0,0.7573963785209992,0.24260362147900078
historical_55_2022-12-27,2022-12-27,train,0,0,0.743688656669656,0.256311343330344
historical_55_2022-12-28,2022-12-28,train,0,0,0.7838639497662757,0.21613605023372426
historical_55_2022-12-29,2022-12-29,train,0,0,0.6286755142397736,0.37132448576022636
historical_55_2022-12-30,2022-12-30,train,1,0,0.7699032333895103,0.23009676661048975
historical_55_2023-01-04,2023-01-04,train,1,0,0.6404878620624689,0.3595121379375311
historical_55_2023-01-05,2023-01-05,train,1,0,0.7653003506826661,0.23469964931733392
historical_55_2023-01-06,2023-01-06,train,1,0,0.7096968469228762,0.2903031530771238
historical_55_2023-01-10,2023-01-10,train,1,0,0.6849421208318114,0.31505787916818856
historical_55_2023-01-11,2023-01-11,train,0,0,0.6890304276725747,0.3109695723274252
historical_55_2023-01-12,2023-01-12,train,0,0,0.7130556741416373,0.2869443258583627
historical_55_2023-01-13,2023-01-13,train,1,0,0.6826015187252861,0.31739848127471393
historical_55_2023-01-16,2023-01-16,train,1,0,0.765421974981531,0.23457802501846903
historical_55_2023-01-17,2023-01-17,train,1,0,0.6964458345857658,0.3035541654142342
historical_55_2023-01-19,2023-01-19,train,1,0,0.7025815733245491,0.297418426675451
historical_55_2023-01-20,2023-01-20,train,1,0,0.7164071980251779,0.28359280197482206
historical_55_2023-02-15,2023-02-15,train,1,1,0.2743583989217425,0.7256416010782575
historical_55_2023-02-17,2023-02-17,train,1,1,0.2657086377415795,0.7342913622584205
historical_55_2023-03-07,2023-03-07,train,1,1,0.2194446174020822,0.7805553825979178
historical_55_2023-03-08,2023-03-08,train,1,1,0.23766584408006297,0.762334155919937
historical_55_2023-03-09,2023-03-09,train,1,1,0.22803552630798873,0.7719644736920113
historical_55_2023-03-10,2023-03-10,train,1,1,0.288749039671678,0.711250960328322
historical_55_2023-03-16,2023-03-16,train,1,1,0.4784991494125944,0.5215008505874056
historical_55_2023-03-17,2023-03-17,train,1,0,0.5316697702550721,0.46833022974492783
historical_55_2023-03-20,2023-03-20,train,1,0,0.5924168626864601,0.40758313731353984
historical_55_2023-03-22,2023-03-22,train,1,0,0.5639795029260681,0.4360204970739318
historical_55_2023-03-23,2023-03-23,train,1,0,0.5880376799317828,0.41196232006821726
historical_55_2023-03-24,2023-03-24,train,1,0,0.6133645600836942,0.3866354399163058
historical_55_2023-03-27,2023-03-27,train,1,0,0.61217046649391,0.38782953350609
historical_55_2023-03-28,2023-03-28,train,1,0,0.6025682305669214,0.39743176943307856
historical_55_2023-04-06,2023-04-06,train,1,0,0.5980301382843545,0.4019698617156456
historical_55_2023-04-07,2023-04-07,train,1,0,0.6217924985197498,0.37820750148025023
historical_55_2023-04-10,2023-04-10,train,1,0,0.6221237952740346,0.37787620472596545
historical_55_2023-04-11,2023-04-11,train,1,0,0.5665738767213897,0.43342612327861024
historical_55_2023-04-12,2023-04-12,train,1,0,0.587683459463588,0.41231654053641204
historical_55_2023-04-13,2023-04-13,train,1,0,0.5890943377426807,0.41090566225731934
historical_55_2023-04-14,2023-04-14,train,1,0,0.5790236171272389,0.42097638287276107
historical_55_2023-04-17,2023-04-17,train,1,0,0.6416248842483255,0.35837511575167447
historical_55_2023-04-18,2023-04-18,train,1,0,0.5901098911232142,0.4098901088767858
historical_55_2023-04-19,2023-04-19,train,1,0,0.5946042407162324,0.40539575928376753
historical_55_2023-04-20,2023-04-20,train,1,0,0.6095859457209949,0.3904140542790051
historical_55_2023-05-30,2023-05-30,train,1,0,0.6014644226508341,0.39853557734916584
historical_55_2023-05-31,2023-05-31,train,1,1,0.4715941677347866,0.5284058322652134
historical_55_2023-06-01,2023-06-01,train,1,0,0.5817335514516377,0.4182664485483623
historical_55_2023-06-02,2023-06-02,train,1,0,0.6212246118478533,0.3787753881521467
historical_55_2023-06-05,2023-06-05,train,0,0,0.5284097861597019,0.4715902138402981
historical_55_2023-06-07,2023-06-07,train,1,0,0.6630406147179102,0.33695938528208985
historical_55_2023-06-08,2023-06-08,train,1,0,0.6011348135529546,0.39886518644704533
historical_55_2023-06-13,2023-06-13,train,1,1,0.1246497018584437,0.8753502981415563
historical_55_2023-06-14,2023-06-14,train,1,1,0.12572193019511557,0.8742780698048844
historical_55_2023-06-15,2023-06-15,train,1,1,0.16382291662593818,0.8361770833740618
historical_55_2023-06-16,2023-06-16,train,1,1,0.12296607900978451,0.8770339209902155
historical_55_2023-06-21,2023-06-21,train,1,1,0.15442723177111117,0.8455727682288888
historical_55_2023-06-22,2023-06-22,train,1,1,0.1822769413498566,0.8177230586501434
historical_55_2023-07-04,2023-07-04,train,1,1,0.1747597061023478,0.8252402938976522
historical_55_2023-07-05,2023-07-05,train,1,1,0.18929835045435772,0.8107016495456423
historical_55_2023-07-06,2023-07-06,train,1,1,0.19773629120348313,0.8022637087965169
historical_55_2023-07-18,2023-07-18,train,1,1,0.19045604580725395,0.809543954192746
historical_55_2023-07-19,2023-07-19,train,1,1,0.19145493660032598,0.808545063399674
historical_55_2023-07-20,2023-07-20,train,1,1,0.19331853284592948,0.8066814671540705
historical_55_2023-07-21,2023-07-21,train,1,1,0.21731629107359074,0.7826837089264093
historical_55_2023-07-24,2023-07-24,train,1,1,0.1937340450467796,0.8062659549532204
historical_55_2023-07-25,2023-07-25,train,1,1,0.19337020988139786,0.8066297901186021
historical_55_2023-07-27,2023-07-27,train,1,1,0.194563614745641,0.805436385254359
historical_55_2023-07-28,2023-07-28,train,1,1,0.19093375236721644,0.8090662476327836
historical_55_2023-07-31,2023-07-31,train,1,1,0.1406312317387579,0.8593687682612421
historical_55_2023-08-01,2023-08-01,train,1,1,0.1624098603936721,0.8375901396063279
historical_55_2023-08-31,2023-08-31,train,1,1,0.1737968559265577,0.8262031440734423
historical_55_2023-09-01,2023-09-01,train,1,1,0.17808124575432027,0.8219187542456797
historical_55_2023-09-04,2023-09-04,train,1,1,0.19173416813831212,0.8082658318616879
historical_55_2023-09-05,2023-09-05,train,1,1,0.1862917142859002,0.8137082857140998
historical_55_2023-09-06,2023-09-06,train,1,1,0.1836936794167029,0.8163063205832971
historical_55_2023-09-07,2023-09-07,train,1,1,0.19495924116604013,0.8050407588339599
historical_55_2023-09-08,2023-09-08,train,1,1,0.2253325130504783,0.7746674869495217
historical_55_2023-09-11,2023-09-11,train,1,1,0.24346936106775152,0.7565306389322485
historical_55_2023-09-14,2023-09-14,train,1,1,0.21001492446544934,0.7899850755345507
historical_55_2023-09-15,2023-09-15,train,1,1,0.14948136203960682,0.8505186379603932
historical_55_2023-09-19,2023-09-19,train,1,1,0.2302247684426998,0.7697752315573002
historical_55_2023-09-20,2023-09-20,train,1,1,0.21196755719232274,0.7880324428076773
historical_55_2023-09-21,2023-09-21,train,1,1,0.22518905760503227,0.7748109423949677
historical_55_2023-09-22,2023-09-22,train,1,1,0.2401494865182372,0.7598505134817628
historical_55_2023-09-25,2023-09-25,train,1,1,0.2379321854112535,0.7620678145887465
historical_55_2023-09-26,2023-09-26,train,1,1,0.26239436051855747,0.7376056394814425
historical_55_2023-09-27,2023-09-27,train,1,1,0.293458878398538,0.706541121601462
historical_55_2023-09-28,2023-09-28,train,1,1,0.20286014081399406,0.7971398591860059
historical_55_2023-09-29,2023-09-29,train,1,1,0.23427160465252406,0.7657283953474759
historical_55_2023-10-02,2023-10-02,train,1,1,0.30629802365531456,0.6937019763446854
historical_55_2023-10-04,2023-10-04,train,1,0,0.588987566975599,0.41101243302440105
historical_55_2023-10-05,2023-10-05,train,1,0,0.6649124686655932,0.3350875313344069
historical_55_2023-10-06,2023-10-06,train,1,0,0.6948593230590479,0.30514067694095215
historical_55_2023-10-17,2023-10-17,train,0,0,0.6859344964200871,0.3140655035799129
historical_55_2023-10-18,2023-10-18,train,0,0,0.6861367599560683,0.31386324004393173
historical_55_2023-10-19,2023-10-19,train,0,0,0.7043583314400408,0.29564166855995927
historical_55_2023-10-20,2023-10-20,train,1,0,0.6799355291548611,0.3200644708451389
historical_55_2023-10-23,2023-10-23,train,0,0,0.7020820716832328,0.2979179283167672
historical_55_2023-10-24,2023-10-24,train,1,0,0.6695395092382606,0.3304604907617394
historical_55_2023-10-25,2023-10-25,train,0,0,0.6908466138948135,0.3091533861051865
historical_55_2023-10-26,2023-10-26,train,1,0,0.7417255950187074,0.25827440498129256
historical_55_2023-10-27,2023-10-27,train,1,0,0.6395430636729864,0.36045693632701364
historical_55_2023-10-30,2023-10-30,train,1,0,0.6531505593303423,0.3468494406696577
historical_55_2023-10-31,2023-10-31,train,1,0,0.6585821147562434,0.34141788524375666
historical_55_2023-11-01,2023-11-01,train,1,0,0.620673721755082,0.37932627824491805
historical_55_2023-11-02,2023-11-02,train,1,0,0.6196951725064918,0.38030482749350825
historical_55_2023-11-07,2023-11-07,train,1,0,0.658010237811241,0.341989762188759
historical_55_2024-01-30,2024-01-30,train,1,0,0.6184552215291238,0.3815447784708762
historical_55_2024-01-31,2024-01-31,train,1,0,0.58612687748202,0.41387312251798003
historical_55_2024-02-01,2024-02-01,train,1,0,0.5994163619283053,0.4005836380716948
historical_55_2024-02-02,2024-02-02,train,1,0,0.5920193901670185,0.40798060983298146
historical_55_2024-02-05,2024-02-05,train,1,0,0.6419241380068395,0.35807586199316055
historical_55_2024-02-06,2024-02-06,train,1,0,0.5818897034795842,0.41811029652041576
historical_55_2024-02-07,2024-02-07,train,1,0,0.5639199898457623,0.4360800101542377
historical_55_2024-02-08,2024-02-08,train,1,0,0.5133553263494941,0.4866446736505059
historical_55_2024-02-09,2024-02-09,train,1,0,0.5761910157885206,0.42380898421147944
historical_55_2024-02-19,2024-02-19,train,1,0,0.6142168628235193,0.3857831371764807
historical_55_2024-02-20,2024-02-20,train,1,0,0.6062426809891952,0.39375731901080474
historical_55_2024-03-05,2024-03-05,train,1,1,0.154068834802907,0.845931165197093
historical_55_2024-03-07,2024-03-07,train,1,1,0.16877932525749828,0.8312206747425017
historical_55_2024-03-18,2024-03-18,train,1,1,0.17796173853557629,0.8220382614644237
historical_55_2024-03-19,2024-03-19,train,1,1,0.18050319089009736,0.8194968091099026
historical_55_2024-03-21,2024-03-21,train,1,1,0.14082001067280325,0.8591799893271967
historical_55_2024-03-22,2024-03-22,train,1,1,0.16219088783466107,0.8378091121653389
historical_55_2024-03-25,2024-03-25,train,1,1,0.18379398381902035,0.8162060161809797
historical_55_2024-03-26,2024-03-26,train,1,1,0.18120185597364102,0.818798144026359
historical_55_2024-03-27,2024-03-27,train,1,1,0.16305700328465067,0.8369429967153493
historical_55_2024-03-28,2024-03-28,train,1,1,0.1726267561803273,0.8273732438196727
historical_55_2024-03-29,2024-03-29,train,1,1,0.24768031331384288,0.7523196866861571
historical_55_2024-04-01,2024-04-01,train,1,1,0.21043652651609024,0.7895634734839098
historical_55_2024-04-02,2024-04-02,train,1,1,0.2022525273615563,0.7977474726384437
historical_55_2024-04-03,2024-04-03,train,1,1,0.21595391183071044,0.7840460881692896
historical_55_2024-04-04,2024-04-04,train,1,1,0.22434101385994165,0.7756589861400583
historical_55_2024-04-05,2024-04-05,train,1,1,0.22842544074357585,0.7715745592564242
historical_55_2024-04-08,2024-04-08,train,1,1,0.22240793071248943,0.7775920692875106
historical_55_2024-04-09,2024-04-09,train,1,1,0.23054900621102448,0.7694509937889755
historical_55_2024-04-10,2024-04-10,train,1,1,0.23473904045499494,0.7652609595450051
historical_55_2024-04-11,2024-04-11,train,1,1,0.2309820381274431,0.7690179618725569
historical_55_2024-04-12,2024-04-12,train,1,1,0.22714189649783278,0.7728581035021672
historical_55_2024-04-19,2024-04-19,train,1,0,0.5870316581030537,0.4129683418969463
historical_55_2024-04-22,2024-04-22,train,1,0,0.689940894847753,0.310059105152247
historical_55_2024-05-20,2024-05-20,train,1,1,0.21882822691728998,0.78117177308271
historical_55_2024-06-05,2024-06-05,train,1,0,0.7268100103761508,0.2731899896238492
historical_55_2024-06-06,2024-06-06,train,1,0,0.717680580803649,0.2823194191963509
historical_55_2024-06-07,2024-06-07,train,1,0,0.7402264315682897,0.2597735684317103
historical_55_2024-06-12,2024-06-12,train,0,0,0.7335043556449362,0.2664956443550638
historical_55_2024-06-17,2024-06-17,train,1,0,0.7294808714433081,0.27051912855669186
historical_55_2024-06-18,2024-06-18,train,1,0,0.7323780456883329,0.2676219543116672
historical_55_2024-06-19,2024-06-19,train,1,0,0.738708806422008,0.261291193577992
historical_55_2024-06-20,2024-06-20,train,1,0,0.7420883836434427,0.2579116163565573
historical_55_2024-06-26,2024-06-26,train,1,1,0.24895560522478355,0.7510443947752165
historical_55_2024-06-27,2024-06-27,train,1,1,0.27976293603101376,0.7202370639689862
historical_55_2024-06-28,2024-06-28,train,1,1,0.2839028053507172,0.7160971946492828
historical_55_2024-07-01,2024-07-01,train,0,1,0.30218605687151423,0.6978139431284858
historical_55_2024-07-02,2024-07-02,train,1,1,0.21741597878101215,0.7825840212189878
historical_55_2024-07-03,2024-07-03,train,1,1,0.2213244648710222,0.7786755351289778
historical_55_2024-07-04,2024-07-04,train,1,1,0.16624702755804788,0.8337529724419521
historical_55_2024-07-05,2024-07-05,train,1,1,0.18398477888639875,0.8160152211136013
historical_55_2024-07-08,2024-07-08,train,0,1,0.17968748597579787,0.8203125140242021
historical_55_2024-07-09,2024-07-09,train,1,1,0.1358637161715026,0.8641362838284974
historical_55_2024-07-10,2024-07-10,train,1,1,0.13942868147930132,0.8605713185206987
historical_55_2024-07-11,2024-07-11,train,1,1,0.14717072582308466,0.8528292741769153
historical_55_2024-07-12,2024-07-12,train,1,1,0.20770062161500347,0.7922993783849965
historical_55_2024-07-16,2024-07-16,train,1,1,0.2067052858789442,0.7932947141210558
historical_55_2024-07-17,2024-07-17,train,1,1,0.19549370851636916,0.8045062914836308
historical_55_2024-07-18,2024-07-18,train,1,1,0.2054265477365027,0.7945734522634973
historical_55_2024-07-19,2024-07-19,train,1,1,0.1930085797713884,0.8069914202286116
historical_55_2024-07-22,2024-07-22,train,1,1,0.19786087547196063,0.8021391245280394
historical_55_2024-07-23,2024-07-23,train,1,1,0.21428308987406097,0.785716910125939
historical_55_2024-07-24,2024-07-24,train,1,1,0.19308612207155096,0.806913877928449
historical_55_2024-07-25,2024-07-25,train,1,1,0.16753580727187767,0.8324641927281223
historical_55_2024-07-26,2024-07-26,train,0,1,0.19314049778644793,0.8068595022135521
historical_55_2024-07-29,2024-07-29,train,1,1,0.259178219826921,0.740821780173079
historical_55_2024-07-30,2024-07-30,train,1,1,0.253033412395967,0.746966587604033
historical_55_2024-07-31,2024-07-31,train,1,1,0.2602543476625887,0.7397456523374113
historical_55_2024-08-01,2024-08-01,validation,1,1,0.2903765992855235,0.7096234007144765
historical_55_2024-08-02,2024-08-02,validation,1,1,0.20563085578580154,0.7943691442141985
historical_55_2024-08-05,2024-08-05,validation,1,0,0.5260886240962154,0.4739113759037846
historical_55_2024-08-06,2024-08-06,validation,1,1,0.4169416739973616,0.5830583260026384
historical_55_2024-08-07,2024-08-07,validation,1,0,0.5690060154743454,0.4309939845256546
historical_55_2024-08-08,2024-08-08,validation,1,0,0.6605315480789085,0.33946845192109154
historical_55_2024-08-14,2024-08-14,validation,1,1,0.23059465075782537,0.7694053492421746
historical_55_2024-08-16,2024-08-16,validation,1,1,0.20257587963515866,0.7974241203648413
historical_55_2024-08-19,2024-08-19,validation,1,1,0.25663017843311065,0.7433698215668894
historical_55_2024-08-20,2024-08-20,validation,1,1,0.2238038028635111,0.7761961971364889
historical_55_2024-08-21,2024-08-21,validation,1,1,0.24571806158179776,0.7542819384182022
historical_55_2024-08-22,2024-08-22,validation,1,1,0.23122209341554933,0.7687779065844507
historical_55_2024-08-23,2024-08-23,validation,1,1,0.2403096879416302,0.7596903120583698
historical_55_2024-08-26,2024-08-26,validation,1,1,0.24836161376599342,0.7516383862340066
historical_55_2024-08-27,2024-08-27,validation,1,1,0.2537071464894911,0.7462928535105089
historical_55_2024-08-28,2024-08-28,validation,1,1,0.2475327436373631,0.7524672563626369
historical_55_2024-08-29,2024-08-29,validation,1,1,0.24294631615468587,0.7570536838453141
historical_55_2024-08-30,2024-08-30,validation,1,1,0.19940048343277506,0.800599516567225
historical_55_2024-09-02,2024-09-02,validation,1,1,0.22708717123771105,0.772912828762289
historical_55_2024-09-03,2024-09-03,validation,1,1,0.24862148762086944,0.7513785123791306
historical_55_2024-09-04,2024-09-04,validation,0,0,0.684709209920296,0.3152907900797039
historical_55_2024-09-05,2024-09-05,validation,0,0,0.6764193009869939,0.3235806990130061
historical_55_2024-09-06,2024-09-06,validation,0,0,0.6416469830619604,0.3583530169380396
historical_55_2024-09-09,2024-09-09,validation,1,0,0.6833942451666644,0.31660575483333564
historical_55_2024-09-10,2024-09-10,validation,1,0,0.6527587589943089,0.34724124100569115
historical_55_2024-09-11,2024-09-11,validation,1,0,0.6143113834767968,0.38568861652320324
historical_55_2024-09-12,2024-09-12,validation,0,0,0.6285235868703821,0.3714764131296179
historical_55_2024-09-13,2024-09-13,validation,1,0,0.642854823111241,0.357145176888759
historical_55_2024-09-17,2024-09-17,validation,1,0,0.6557400130584417,0.3442599869415584
historical_55_2024-09-18,2024-09-18,validation,1,0,0.6623247082470571,0.3376752917529429
historical_55_2024-09-19,2024-09-19,validation,1,0,0.6460152878184646,0.3539847121815353
historical_55_2024-09-26,2024-09-26,validation,1,1,0.19912388814534854,0.8008761118546515
historical_55_2024-09-27,2024-09-27,validation,1,1,0.17321158335234532,0.8267884166476547
historical_55_2024-10-15,2024-10-15,validation,1,1,0.19763949418429738,0.8023605058157026
historical_55_2024-10-18,2024-10-18,validation,1,1,0.24630479172622677,0.7536952082737732
historical_55_2024-10-29,2024-10-29,validation,1,1,0.23984164019476673,0.7601583598052333
historical_55_2024-10-30,2024-10-30,validation,1,1,0.14603060474576912,0.8539693952542309
historical_55_2024-10-31,2024-10-31,validation,1,1,0.1984597138815174,0.8015402861184826
historical_55_2024-11-29,2024-11-29,validation,1,0,0.6993804693423743,0.3006195306576257
historical_55_2024-12-02,2024-12-02,validation,1,0,0.7171990265309269,0.28280097346907307
historical_55_2024-12-10,2024-12-10,validation,1,1,0.25868815046041505,0.741311849539585
historical_55_2024-12-11,2024-12-11,validation,1,1,0.26981804735562454,0.7301819526443755
historical_55_2024-12-12,2024-12-12,validation,1,1,0.2288746046412845,0.7711253953587155
historical_55_2024-12-27,2024-12-27,validation,1,1,0.23858523444917046,0.7614147655508295
historical_55_2024-12-30,2024-12-30,validation,1,1,0.27862509203171615,0.7213749079682839
historical_55_2025-01-07,2025-01-07,validation,1,1,0.23772099101648203,0.762279008983518
historical_55_2025-01-08,2025-01-08,validation,1,1,0.26083445879227785,0.7391655412077222
historical_55_2025-01-09,2025-01-09,validation,1,1,0.26900900412628925,0.7309909958737107
historical_55_2025-01-22,2025-01-22,validation,1,1,0.25371025640304756,0.7462897435969524
historical_55_2025-01-23,2025-01-23,validation,1,1,0.2600409601703505,0.7399590398296495
historical_55_2025-01-24,2025-01-24,validation,1,1,0.2898806729191513,0.7101193270808487
historical_55_2025-01-27,2025-01-27,validation,1,1,0.2808919440876003,0.7191080559123997
historical_55_2025-01-28,2025-01-28,validation,1,1,0.30794438750745634,0.6920556124925437
historical_55_2025-01-29,2025-01-29,validation,1,1,0.2573675664918905,0.7426324335081095
historical_55_2025-01-30,2025-01-30,validation,1,1,0.2648395538023828,0.7351604461976172
historical_55_2025-01-31,2025-01-31,validation,1,1,0.3017516174415743,0.6982483825584257
historical_55_2025-02-03,2025-02-03,validation,1,1,0.26020196746473645,0.7397980325352636
historical_55_2025-02-04,2025-02-04,validation,1,1,0.24537713250438886,0.7546228674956111
historical_55_2025-02-05,2025-02-05,validation,1,1,0.23075485249165217,0.7692451475083478
historical_55_2025-02-06,2025-02-06,validation,1,1,0.23512875390798393,0.7648712460920161
historical_55_2025-02-07,2025-02-07,validation,1,1,0.27166187424083266,0.7283381257591673
historical_55_2025-02-10,2025-02-10,validation,1,1,0.28352233556562045,0.7164776644343795
historical_55_2025-02-12,2025-02-12,validation,1,1,0.24346251851997014,0.7565374814800299
historical_55_2025-02-13,2025-02-13,validation,1,1,0.2658015060921275,0.7341984939078725
historical_55_2025-02-14,2025-02-14,validation,1,1,0.25976884730585514,0.7402311526941449
historical_55_2025-02-17,2025-02-17,validation,1,1,0.2772639921207638,0.7227360078792362
historical_55_2025-02-18,2025-02-18,validation,1,1,0.2832241859886331,0.7167758140113669
historical_55_2025-02-19,2025-02-19,validation,1,1,0.271787412516056,0.728212587483944
historical_55_2025-02-20,2025-02-20,validation,1,1,0.329683264114374,0.670316735885626
historical_55_2025-02-21,2025-02-21,validation,1,1,0.3289690485646716,0.6710309514353284
historical_55_2025-02-27,2025-02-27,validation,1,1,0.23674743301313006,0.7632525669868699
historical_55_2025-02-28,2025-02-28,validation,1,1,0.18910251023863023,0.8108974897613698
historical_55_2025-03-03,2025-03-03,validation,1,1,0.25368275130068174,0.7463172486993183
historical_55_2025-03-04,2025-03-04,validation,1,1,0.28617614578339423,0.7138238542166058
historical_55_2025-03-05,2025-03-05,validation,1,1,0.24613881116991232,0.7538611888300877
historical_55_2025-03-06,2025-03-06,validation,1,1,0.25390916083504445,0.7460908391649556
historical_55_2025-03-07,2025-03-07,validation,1,1,0.2976272523030987,0.7023727476969013
historical_55_2025-03-10,2025-03-10,validation,1,1,0.3021235966481042,0.6978764033518958
historical_55_2025-03-11,2025-03-11,validation,1,1,0.2788893257607974,0.7211106742392026
historical_55_2025-03-12,2025-03-12,validation,1,1,0.2316220716073657,0.7683779283926343
historical_55_2025-03-13,2025-03-13,validation,1,1,0.22795717994738618,0.7720428200526138
historical_55_2025-03-14,2025-03-14,validation,1,1,0.21289222588003598,0.787107774119964
historical_55_2025-03-17,2025-03-17,validation,1,1,0.2514902726338606,0.7485097273661394
historical_55_2025-03-18,2025-03-18,validation,1,1,0.22383972896391147,0.7761602710360885
historical_55_2025-03-19,2025-03-19,validation,1,1,0.23321259027480257,0.7667874097251974
historical_55_2025-03-21,2025-03-21,validation,1,1,0.20669269548788793,0.7933073045121121
historical_55_2025-03-24,2025-03-24,validation,1,1,0.257606659438101,0.742393340561899
historical_55_2025-03-25,2025-03-25,validation,1,1,0.24435383889990991,0.7556461611000901
historical_55_2025-03-26,2025-03-26,validation,1,1,0.2306812165718507,0.7693187834281493
historical_55_2025-03-27,2025-03-27,validation,1,1,0.21541540897260036,0.7845845910273996
historical_55_2025-03-28,2025-03-28,validation,1,1,0.21536267484624572,0.7846373251537543
historical_55_2025-03-31,2025-03-31,validation,1,1,0.18419389434143407,0.8158061056585659
historical_55_2025-04-01,2025-04-01,validation,1,1,0.29274463090295066,0.7072553690970493
historical_55_2025-04-02,2025-04-02,validation,1,1,0.2649591457157767,0.7350408542842233
historical_55_2025-04-03,2025-04-03,validation,1,1,0.19524422738569303,0.804755772614307
historical_55_2025-04-04,2025-04-04,validation,1,1,0.16565452489059151,0.8343454751094085
historical_55_2025-04-07,2025-04-07,validation,1,0,0.5663355343099925,0.4336644656900075
historical_55_2025-04-08,2025-04-08,validation,1,0,0.5353738104053112,0.46462618959468877
historical_55_2025-04-09,2025-04-09,validation,1,0,0.6842865577151143,0.31571344228488574
historical_55_2025-04-11,2025-04-11,validation,1,0,0.6507750214733388,0.3492249785266612
historical_55_2025-04-14,2025-04-14,validation,1,0,0.6104042676426986,0.3895957323573014
historical_55_2025-04-15,2025-04-15,validation,1,0,0.6289298632290119,0.3710701367709881
historical_55_2025-04-16,2025-04-16,validation,1,0,0.6347119000872432,0.3652880999127568
historical_55_2025-04-17,2025-04-17,validation,1,0,0.635582258775637,0.36441774122436305
historical_55_2025-04-18,2025-04-18,validation,1,0,0.6293098512005599,0.37069014879944007
historical_55_2025-04-21,2025-04-21,validation,1,0,0.651923406343123,0.34807659365687704
historical_55_2025-04-22,2025-04-22,validation,1,0,0.6364082696813801,0.3635917303186199
historical_55_2025-04-23,2025-04-23,validation,1,0,0.6005911106686271,0.39940888933137286
historical_55_2025-04-24,2025-04-24,validation,1,0,0.5941895750843874,0.4058104249156126
historical_55_2025-04-25,2025-04-25,validation,1,0,0.5930495770785098,0.40695042292149025
historical_55_2025-04-28,2025-04-28,validation,1,0,0.631429633634097,0.368570366365903
historical_55_2025-04-30,2025-04-30,validation,1,0,0.548141449162713,0.451858550837287
historical_55_2025-05-21,2025-05-21,validation,1,0,0.5806154134763919,0.41938458652360805
historical_55_2025-05-22,2025-05-22,validation,1,0,0.5838582455325552,0.4161417544674449
historical_55_2025-06-02,2025-06-02,validation,1,0,0.5773781293872686,0.4226218706127314
historical_55_2025-06-03,2025-06-03,validation,1,0,0.6027201850459762,0.39727981495402376
historical_55_2025-06-04,2025-06-04,validation,1,0,0.5977658810450358,0.4022341189549642
historical_55_2025-06-05,2025-06-05,validation,1,0,0.6186328911158772,0.3813671088841229
historical_55_2025-06-06,2025-06-06,validation,1,0,0.6587884783748341,0.34121152162516594
historical_55_2025-06-09,2025-06-09,validation,1,0,0.6459139126148441,0.35408608738515585
historical_55_2025-06-11,2025-06-11,validation,1,0,0.632640650605695,0.3673593493943051
historical_55_2025-06-12,2025-06-12,validation,1,0,0.6140173255124981,0.38598267448750184
historical_55_2025-06-13,2025-06-13,validation,1,0,0.6126214445671267,0.3873785554328733
historical_55_2025-06-19,2025-06-19,validation,1,0,0.6349564503486849,0.3650435496513152
historical_55_2025-06-20,2025-06-20,validation,1,0,0.5214181808098812,0.47858181919011883
historical_55_2025-06-23,2025-06-23,validation,1,0,0.6275242273606267,0.3724757726393732
historical_55_2025-06-24,2025-06-24,validation,1,0,0.6006943208172115,0.3993056791827885
historical_55_2025-06-25,2025-06-25,validation,1,0,0.6414734257785946,0.3585265742214055
historical_55_2025-06-26,2025-06-26,validation,1,0,0.5632914388473745,0.43670856115262546
historical_55_2025-07-10,2025-07-10,validation,1,0,0.5408610872162651,0.4591389127837349
historical_55_2025-07-11,2025-07-11,validation,1,0,0.5327317434004057,0.4672682565995942
historical_55_2025-07-14,2025-07-14,validation,1,0,0.5659567524341002,0.43404324756589985
historical_55_2025-07-15,2025-07-15,validation,1,0,0.5474494428740615,0.45255055712593856
historical_55_2025-07-16,2025-07-16,validation,1,0,0.5666513424391006,0.4333486575608993
historical_55_2025-07-17,2025-07-17,validation,1,0,0.581180222288371,0.41881977771162904
historical_55_2025-07-18,2025-07-18,validation,1,0,0.5732350942687436,0.4267649057312563
historical_55_2025-07-22,2025-07-22,validation,1,0,0.5619387886375804,0.4380612113624196
historical_55_2025-07-29,2025-07-29,validation,1,0,0.6024889954650706,0.3975110045349294
historical_55_2025-07-31,2025-07-31,validation,0,0,0.5758275666340966,0.4241724333659034
historical_55_2025-08-04,2025-08-04,validation,1,0,0.5856725730775059,0.41432742692249414
historical_55_2025-08-06,2025-08-06,validation,1,0,0.6187045461019115,0.3812954538980885
historical_55_2025-08-07,2025-08-07,validation,1,0,0.6034084669228551,0.3965915330771449
historical_55_2025-08-08,2025-08-08,validation,1,1,0.4654739323659792,0.5345260676340208
historical_55_2025-08-14,2025-08-14,validation,1,0,0.5840228372248347,0.4159771627751653
historical_55_2025-10-27,2025-10-27,validation,1,1,0.13297718147958715,0.8670228185204129
historical_55_2025-10-29,2025-10-29,validation,1,1,0.11768146097522947,0.8823185390247705
historical_55_2025-10-30,2025-10-30,validation,1,1,0.11100191568665096,0.888998084313349
historical_55_2025-10-31,2025-10-31,validation,1,1,0.09261268036163062,0.9073873196383694
historical_55_2025-11-04,2025-11-04,validation,1,1,0.1341320677999136,0.8658679322000864
historical_55_2025-11-12,2025-11-12,validation,1,1,0.18419901837628172,0.8158009816237183
historical_55_2025-11-17,2025-11-17,validation,1,1,0.21386979785814153,0.7861302021418585
historical_55_2025-11-21,2025-11-21,validation,1,0,0.5642180802200085,0.4357819197799914
historical_55_2025-11-25,2025-11-25,validation,1,0,0.6812916775980498,0.3187083224019502
historical_55_2025-12-03,2025-12-03,validation,1,0,0.6253484817688256,0.3746515182311744
historical_55_2025-12-11,2025-12-11,validation,0,0,0.6201664783318901,0.37983352166810985
historical_55_2025-12-12,2025-12-12,validation,0,0,0.5749281972930232,0.42507180270697675
historical_55_2025-12-15,2025-12-15,validation,0,0,0.6298838713226301,0.37011612867736987
historical_55_2025-12-16,2025-12-16,validation,1,0,0.6421605554414358,0.3578394445585642
historical_55_2025-12-17,2025-12-17,validation,1,0,0.6425034662160622,0.3574965337839377
historical_55_2025-12-18,2025-12-18,validation,1,0,0.6645455893122687,0.33545441068773124
historical_55_2025-12-19,2025-12-19,validation,1,0,0.6121075809622913,0.3878924190377087
historical_55_2025-12-22,2025-12-22,validation,1,0,0.6397442201814539,0.36025577981854606
historical_55_2025-12-23,2025-12-23,validation,1,0,0.6561811528233011,0.34381884717669886
historical_55_2025-12-24,2025-12-24,validation,1,0,0.6600480398744026,0.3399519601255974
historical_55_2025-12-25,2025-12-25,validation,1,0,0.6966766389055914,0.3033233610944086
historical_55_2025-12-26,2025-12-26,validation,1,0,0.6702555574272926,0.3297444425727074
historical_55_2025-12-29,2025-12-29,validation,1,0,0.6590427236332976,0.3409572763667024
historical_55_2025-12-30,2025-12-30,validation,1,0,0.6608586266774004,0.3391413733225996
historical_55_2026-01-05,2026-01-05,validation,0,0,0.5792995936841678,0.42070040631583216
historical_55_2026-01-07,2026-01-07,validation,1,0,0.6122468231743585,0.3877531768256414
historical_55_2026-01-08,2026-01-08,validation,1,0,0.6294969167877249,0.37050308321227515
historical_55_2026-01-09,2026-01-09,validation,1,0,0.5771107101881083,0.4228892898118916
historical_55_2026-01-13,2026-01-13,validation,1,0,0.5116787366339501,0.4883212633660499
historical_55_2026-01-14,2026-01-14,validation,0,0,0.5745542682130897,0.4254457317869103
historical_55_2026-01-15,2026-01-15,validation,0,0,0.6460229241001101,0.35397707589988986
historical_55_2026-01-16,2026-01-16,validation,0,0,0.6731110934535738,0.3268889065464262
historical_55_2026-01-19,2026-01-19,validation,1,0,0.6616305044443348,0.3383694955556652
historical_55_2026-01-20,2026-01-20,validation,1,0,0.6794107416987187,0.3205892583012813
historical_55_2026-01-21,2026-01-21,validation,1,0,0.6587133472336193,0.34128665276638065
historical_55_2026-01-26,2026-01-26,validation,1,0,0.6646503539466864,0.3353496460533137
historical_55_2026-01-27,2026-01-27,validation,1,0,0.6465756276242188,0.35342437237578117
historical_55_2026-01-28,2026-01-28,validation,0,0,0.6195005895714979,0.3804994104285021
historical_55_2026-01-29,2026-01-29,validation,1,0,0.6390926148085316,0.36090738519146837
historical_55_2026-01-30,2026-01-30,validation,1,0,0.6380292010001656,0.3619707989998345
historical_55_2026-02-05,2026-02-05,validation,0,1,0.16947452498302695,0.830525475016973
historical_55_2026-02-09,2026-02-09,validation,1,1,0.12335187636810685,0.8766481236318932
historical_55_2026-02-10,2026-02-10,validation,1,1,0.15153924320721268,0.8484607567927873
historical_55_2026-02-12,2026-02-12,validation,1,1,0.18188481032275006,0.8181151896772499
historical_55_2026-02-13,2026-02-13,validation,1,1,0.1675719781326186,0.8324280218673814
historical_55_2026-02-16,2026-02-16,validation,1,1,0.2236797417387859,0.7763202582612141
historical_55_2026-02-17,2026-02-17,validation,1,1,0.23605662162869645,0.7639433783713035
historical_55_2026-02-18,2026-02-18,validation,1,1,0.21723892562877511,0.7827610743712249
historical_55_2026-02-19,2026-02-19,validation,1,1,0.23690375828545418,0.7630962417145458
historical_55_2026-02-20,2026-02-20,validation,0,1,0.22677298888514263,0.7732270111148574
historical_55_2026-02-24,2026-02-24,validation,1,1,0.20994991758254,0.79005008241746
historical_55_2026-02-25,2026-02-25,validation,1,1,0.17365269880805667,0.8263473011919433
historical_55_2026-02-26,2026-02-26,validation,1,1,0.20515267383263336,0.7948473261673666
historical_55_2026-02-27,2026-02-27,validation,1,1,0.15704681628200223,0.8429531837179978
historical_55_2026-03-02,2026-03-02,validation,1,1,0.2010883824268177,0.7989116175731823
historical_55_2026-03-03,2026-03-03,validation,1,1,0.21340398302043717,0.7865960169795628
historical_55_2026-03-04,2026-03-04,validation,1,1,0.2583346884780685,0.7416653115219315
historical_55_2026-03-05,2026-03-05,validation,1,1,0.184458252097774,0.815541747902226
historical_55_2026-03-06,2026-03-06,validation,1,1,0.229948065636554,0.770051934363446
historical_55_2026-03-11,2026-03-11,validation,1,1,0.25430076517054456,0.7456992348294554
historical_55_2026-03-17,2026-03-17,validation,0,0,0.7145348309333368,0.28546516906666314
historical_55_2026-03-18,2026-03-18,validation,1,1,0.2634589565089763,0.7365410434910237
historical_55_2026-03-19,2026-03-19,validation,1,0,0.6817332946596211,0.318266705340379
historical_55_2026-03-23,2026-03-23,validation,1,0,0.758221672278219,0.241778327721781
historical_55_2026-03-24,2026-03-24,validation,1,0,0.7146849756859647,0.2853150243140353
