trade_date,ticker,gold_open,gold_high,gold_low,gold_close,adj_close,gold_volume,usd_close,oil_close,usd_ret_lb,oil_ret_lb,usd_regime,oil_regime,resonance_regime,ret_3d,ret_5d,ret_10d,ma5,ma10,ma20,ma30,avg_volume_5d,avg_volume_20d,volume_ratio_1d_vs_20d,close_vs_ma10,close_vs_ma20,recent_20d_high,pullback_depth_from_high,trend_intact_flag,reclaim_short_ma_flag,new_high_breakout_flag,oversold_rank_5d,future_ret_3d,hold_max_drawdown_3d,hold_max_runup_3d,future_ret_5d,hold_max_drawdown_5d,hold_max_runup_5d,future_ret_10d,hold_max_drawdown_10d,hold_max_runup_10d,future_ret_15d,hold_max_drawdown_15d,hold_max_runup_15d,future_ret_20d,hold_max_drawdown_20d,hold_max_runup_20d,future_ret_30d,hold_max_drawdown_30d,hold_max_runup_30d,is_trend_continuation,is_pullback_repair,is_mean_reversion,structure_name,ret_5d_bucket,ma20_gap_bucket,volume_bucket,high_volatility_shock_flag,downtrend_break_flag,failure_risk_flag,broad_event_flag
2016-05-24,GC=F,1240.0,1240.0,1228.199951171875,1228.9000244140625,1228.9000244140625,20,95.56999969482422,48.61000061035156,0.010787907034842226,-0.013595742401413924,usd_strong,oil_weak,usd_up_oil_down,-0.020172163724112124,-0.037063100272319516,-0.027692063710676673,1252.0599853515625,1262.6699951171875,1269.1549926757812,1259.5533243815105,41.2,191.6,0.10438413361169102,-0.026744890457297,-0.03171792924743444,1304.4000244140625,-0.057881017009268065,0,0,0,0.03324313877077696,-0.012287391395518266,-0.018309056516398026,0.0030107828939454073,-0.01383350936794514,-0.024330721637277897,0.0030107828939454073,0.025144457482451088,-0.024330721637277897,0.02856210829898309,0.046301589456955394,-0.024330721637277897,0.05476436278036623,0.03181705167967608,-0.024330721637277897,0.07120188645265912,0.1067621031535344,-0.024330721637277897,0.11880543339529392,0,0,1,mean_reversion,ret5_moderate,ma20_gap_moderate,vol_cold,0,0,0,1
2016-05-25,GC=F,1219.300048828125,1223.5,1218.5999755859375,1223.5,1223.5,5,95.3499984741211,49.7400016784668,0.002839678564017678,0.01655428915264756,usd_strong,oil_strong,usd_up_oil_up,-0.023075713710228873,-0.03941269772813305,-0.04009099055760357,1242.0199951171876,1257.5599975585938,1267.8699951171875,1258.7766560872396,38.8,164.5,0.030395136778115502,-0.027084192901107862,-0.0349956977356235,1304.4000244140625,-0.06202087005510659,0,0,0,0.028604561267877852,-0.007110707945954253,-0.020024519820187936,0.007437658836074723,-0.011197344643951723,-0.020024519820187936,0.007437658836074723,0.03816914685073569,-0.020024519820187936,0.03914999952109732,0.0593379449006437,-0.020024519820187936,0.07592972980307522,0.030813200794340023,-0.020024519820187936,0.07592972980307522,0.10878624894641398,-0.020024519820187936,0.1237433791696465,0,0,1,mean_reversion,ret5_moderate,ma20_gap_moderate,vol_cold,0,0,0,1
2016-05-31,GC=F,1212.5,1217.5999755859375,1199.0,1214.800048828125,1214.800048828125,6432,95.88999938964844,49.689998626708984,0.0069305471957308296,0.027714585209451803,usd_strong,oil_strong,usd_up_oil_up,-0.007110707945954253,-0.02901440929276,-0.04601851300646975,1220.22001953125,1240.8699951171875,1257.8350036621093,1257.3433268229167,53994.8,13584.8,0.47347034921382725,-0.021009409842809856,-0.0342135134645567,1304.4000244140625,-0.06869056570754506,0,0,0,0.060688055662930035,0.020826412364914226,-0.00773791902883969,0.02444842770670408,0.024366129730148955,-0.00773791902883969,0.02675337396582389,0.05828113591706785,-0.00773791902883969,0.061656156843262755,0.045851126879363324,-0.00773791902883969,0.0836351428236668,0.08272966410970173,-0.00773791902883969,0.11590378753576536,0.10503784199632582,-0.00773791902883969,0.1317912159621497,0,0,1,mean_reversion,ret5_moderate,ma20_gap_moderate,vol_cold,0,0,0,1
2016-10-05,GC=F,1272.0999755859375,1274.0,1261.300048828125,1265.199951171875,1265.199951171875,246,96.12999725341797,51.86000061035156,0.007335187530165266,0.06510581378212787,usd_strong,oil_strong,usd_up_oil_up,-0.03662536805596739,-0.04107933321151591,-0.04649941375156219,1295.1,1313.8099975585938,1316.9950012207032,1319.180000813802,1882.8,1036.4,0.2373600926283288,-0.036999297065062,-0.03932820549874538,1350.5,-0.06316182808450577,0,0,0,0.026285272516428294,-0.009642706009097557,-0.012883281209989716,7.91160765989396e-05,-0.008061928205440938,-0.012883281209989716,7.91160765989396e-05,0.0003161748573354828,-0.012883281209989716,0.004979488674726529,0.0021341079247485517,-0.012883281209989716,0.007034480522876141,0.02916536977406947,-0.012883281209989716,0.033038294689632375,-0.044815012140458466,-0.04584255630604339,0.04220678665423705,0,0,1,mean_reversion,ret5_moderate,ma20_gap_moderate,vol_cold,0,1,1,0
2016-10-06,GC=F,1265.300048828125,1265.300048828125,1249.800048828125,1249.800048828125,1249.800048828125,114,96.66000366210938,52.5099983215332,0.01172286723727689,0.06640935279448645,usd_strong,oil_strong,usd_up_oil_up,-0.04522532557056913,-0.0543995649542095,-0.06759174420751146,1280.72001953125,1304.75,1312.645001220703,1316.6933349609376,684.0,1040.6,0.10955218143378821,-0.042115310344414625,-0.04787657922296962,1345.4000244140625,-0.07105691530485325,0,0,0,0.008504058755315036,0.0010401077828661176,-0.0007201347246756917,0.01104170764815704,0.002640363761312603,-0.0007201347246756917,0.01104170764815704,0.012882041092119989,-0.0007201347246756917,0.01736273829739554,0.020563250254288734,-0.0007201347246756917,0.025364018189628412,0.042806847423445316,-0.0007201347246756917,0.04576728191482182,-0.03216520376989995,-0.034085530478410564,0.055048747055437275,0,0,1,mean_reversion,ret5_extreme,ma20_gap_deep,vol_cold,0,1,1,0
2016-10-07,GC=F,1253.9000244140625,1263.5999755859375,1248.9000244140625,1248.9000244140625,1248.9000244140625,169,96.5199966430664,51.93000030517578,0.011104101914517717,0.05849977275881679,usd_strong,oil_strong,usd_up_oil_up,-0.01374083846096752,-0.049036794349872626,-0.06603345048018405,1267.8400146484375,1295.9200073242187,1308.5850036621093,1314.3200032552083,544.2,1047.3,0.16136732550367613,-0.036283090502817195,-0.0456103188413568,1341.800048828125,-0.06923537116815404,0,0,0,0.011596443757247778,0.0048842785384677345,0.0017615110328044192,0.008087096956120199,0.004403875324272111,0.0008007046044131716,0.008087096956120199,0.010489210769359714,0.0008007046044131716,0.01809590451128429,0.01809590451128429,0.0008007046044131716,0.02610295055541556,0.02354073491819797,0.0008007046044131716,0.046520917967950215,-0.030346724055709595,-0.033389440649383983,0.05580907183069006,0,0,1,mean_reversion,ret5_moderate,ma20_gap_deep,vol_cold,0,1,1,0
2016-10-11,GC=F,1258.9000244140625,1258.9000244140625,1253.0,1253.0,1253.0,26,97.69999694824219,52.40999984741211,0.020365503375897598,0.06741347201946657,usd_strong,oil_strong,usd_up_oil_up,-0.009642706009097557,-0.04278074866310155,-0.06471594710146555,1256.6400146484375,1287.2500122070312,1305.1850036621095,1312.036669921875,489.6,1039.75,0.025006011060351045,-0.026607117407059455,-0.039982840375646256,1341.800048828125,-0.0661797925150468,0,0,0,0.023192887514495556,7.97889752095493e-05,-0.0019154225172086647,0.004788507581803714,0.006225098825319186,-0.002474042766111295,0.006943297024640804,0.015083818367168877,-0.002474042766111295,0.016839565511522325,0.026656045023194297,-0.002474042766111295,0.030087750336691865,0.016280945262619806,-0.002474042766111295,0.04309656823623298,-0.050997625230696286,-0.052833161350259394,0.05235433007656631,0,0,1,mean_reversion,ret5_moderate,ma20_gap_moderate,vol_cold,0,1,1,0
2016-11-15,GC=F,1224.300048828125,1226.0,1222.5,1224.0,1224.0,20,100.19000244140625,46.95000076293945,0.024647204870078765,0.01733476079327856,usd_strong,oil_strong,usd_up_oil_up,-0.03818951478728483,-0.04247832805600238,-0.03735745182854899,1251.339990234375,1273.360009765625,1270.3700134277344,1267.1066772460938,91.4,143.05,0.13981125480601186,-0.038763593474802294,-0.03650118700662497,1318.5999755859375,-0.07174274028323169,0,0,0,0.02396598376497874,-0.012663398692810413,-0.013725530088337434,0.0043301052517361605,-0.0106209150326797,-0.013725530088337434,0.0043301052517361605,-0.043464012395322715,-0.04583331338720387,0.0043301052517361605,-0.04003267973856206,-0.054738562091503296,0.0043301052517361605,-0.05122545030381942,-0.06699346405228757,0.0043301052517361605,-0.05522873822380514,-0.0817810258055045,0.0043301052517361605,0,0,1,mean_reversion,ret5_moderate,ma20_gap_moderate,vol_cold,0,0,0,1
2016-11-16,GC=F,1229.300048828125,1229.300048828125,1223.0,1223.4000244140625,1223.4000244140625,66,100.41000366210938,46.630001068115234,0.026057664376185175,0.012814946586782394,usd_strong,oil_strong,usd_up_oil_up,-0.03326746391618929,-0.03926495919693951,-0.04897387966755962,1241.339990234375,1267.060009765625,1268.5000122070312,1264.2533447265625,94.6,145.8,0.4526748971193415,-0.034457709196929365,-0.035553793739820594,1318.5999755859375,-0.07219774983658078,0,0,0,0.028991109393119444,-0.011280078921638403,-0.013241844792300395,0.001307810653922381,-0.028036658610132603,-0.02991660524403439,0.001307810653922381,-0.04618276840975233,-0.051822807870571586,0.001307810653922381,-0.04381230547351733,-0.054274990264009726,0.001307810653922381,-0.07814285898165185,-0.08133071604903286,0.001307810653922381,-0.05999674918203213,-0.08133071604903286,0.001307810653922381,0,0,1,mean_reversion,ret5_moderate,ma20_gap_moderate,vol_cold,0,0,0,1
2016-11-25,GC=F,1177.0,1189.300048828125,1177.0,1178.199951171875,1178.199951171875,14,101.48999786376953,47.2400016784668,0.0059470559792931255,0.016132501030805102,usd_strong,oil_strong,usd_up_oil_up,-0.025959015416524123,-0.03148380503750514,-0.07417886706354704,1199.27998046875,1214.6999877929688,1249.2400024414062,1253.5400065104166,193.6,189.15,0.07401533174729051,-0.030048602114018275,-0.056866615806967946,1318.5999755859375,-0.10647658654147474,0,0,0,0.05141090065713181,-0.006280684646430168,-0.00874208723873049,0.014089372215419838,-0.002631111623162208,-0.015447251677249474,0.014089372215419838,-0.015956482377302295,-0.018842261154224493,0.014089372215419838,-0.036411393754583354,-0.04608719148545548,0.014089372215419838,-0.03929717253150544,-0.04608719148545548,0.014089372215419838,0.005092514215462529,-0.04608719148545548,0.014089372215419838,0,0,1,mean_reversion,ret5_moderate,ma20_gap_deep,vol_cold,0,1,1,0
2016-11-30,GC=F,1187.0999755859375,1193.300048828125,1167.9000244140625,1170.800048828125,1170.800048828125,7158,101.5,50.470001220703125,0.004552643312594862,0.027483760549148695,usd_strong,oil_strong,usd_up_oil_up,-0.006280684646430168,-0.03319566570757637,-0.043464012395322715,1183.3199951171875,1198.5599975585938,1235.9600036621093,1246.4333414713542,47903.8,12101.15,0.5915140296583383,-0.02316108395659322,-0.05272011605627813,1318.5999755859375,-0.11208852532560953,0,0,0,0.04483958252802474,0.002733132079280276,-0.011786853649295437,0.01358037383041144,0.003587248886843586,-0.011786853649295437,0.01358037383041144,-0.00811410967185111,-0.02459860576274442,0.01358037383041144,-0.03390849981764521,-0.040058099127178504,0.01358037383041144,-0.012299302881372265,-0.040058099127178504,0.01358037383041144,0.020925861785300093,-0.040058099127178504,0.02861291305336966,0,0,1,mean_reversion,ret5_moderate,ma20_gap_deep,vol_cold,0,1,1,0
2016-12-15,GC=F,1139.800048828125,1143.300048828125,1123.9000244140625,1127.800048828125,1127.800048828125,244,103.12999725341797,54.02000045776367,0.020381889431223987,0.0024123412430434588,usd_strong,oil_strong,usd_up_oil_up,-0.030683241230661795,-0.03590357176175063,-0.03350756257424092,1153.7400146484374,1163.0200073242188,1177.9650024414063,1207.6633382161458,412.8,12399.5,0.019678212831162546,-0.030283192270376347,-0.04258611546973923,1229.300048828125,-0.08256731145236562,0,0,0,0.03672207189795129,0.0032806800954827686,-0.001152729891682358,0.011615512518863058,0.0008866819974331364,-0.001152729891682358,0.011615512518863058,0.019684297047994015,-0.001152729891682358,0.03032448101719054,0.04938814396200075,-0.001152729891682358,0.04947679051423437,0.07465858088884247,-0.001152729891682358,0.07696393243465871,0.07164384045006034,-0.001152729891682358,0.08086535487087376,0,0,1,mean_reversion,ret5_moderate,ma20_gap_deep,vol_cold,0,1,1,0
2016-12-16,GC=F,1126.9000244140625,1140.9000244140625,1126.9000244140625,1135.300048828125,1135.300048828125,146,102.94999694824219,55.209999084472656,0.013586661982517345,0.016197261618993153,usd_strong,oil_strong,usd_up_oil_up,-0.018500824109199066,-0.020786592270529924,-0.03386939629367891,1148.92001953125,1159.0400146484376,1173.9050048828126,1201.946671549479,369.0,12349.85,0.01182200593529476,-0.020482438501067124,-0.032885928498568306,1225.0,-0.07322444993622446,0,0,0,0.11132586006957866,-0.003699527051481133,-0.007751297850474459,0.004756365816529273,-0.0029948245114338468,-0.007751297850474459,0.004756365816529273,0.02210867128196292,-0.007751297850474459,0.023517968839546155,0.04307222781697684,-0.007751297850474459,0.0472121670753598,0.0669426554490582,-0.007751297850474459,0.06993737243798037,0.061921891776871796,-0.007751297850474459,0.07372496042633969,0,0,1,mean_reversion,ret5_shallow,ma20_gap_moderate,vol_cold,0,1,1,0
2016-12-20,GC=F,1133.5,1133.5,1126.5,1131.5,1131.5,46,103.29000091552734,55.349998474121094,0.022369614604940358,-0.006640393727137095,usd_strong,oil_weak,usd_up_oil_down,0.0032806800954827686,-0.021786074380261256,-0.030918102381615298,1139.280029296875,1152.0800170898438,1166.6000061035156,1190.8333374023437,234.4,12333.3,0.0037297398101075953,-0.017863357392335355,-0.030087438642102282,1213.800048828125,-0.06780362952496366,0,0,0,0.10591418631619637,0.0003535346125165262,-0.002828061132898796,0.004065378334898284,0.006981904033638964,-0.002828061132898796,0.009456430554021233,0.0425982776596332,-0.002828061132898796,0.04577998128866545,0.05956696810787676,-0.002828061132898796,0.06433941566780832,0.06433941566780832,-0.002828061132898796,0.07353066829153776,0.07688908528501992,-0.002828061132898796,0.08192660289162612,0,0,1,mean_reversion,ret5_shallow,ma20_gap_moderate,vol_cold,0,1,1,0
2016-12-21,GC=F,1136.0999755859375,1136.0999755859375,1130.0,1131.0999755859375,1131.0999755859375,50,103.0199966430664,54.459999084472656,0.009999967088886397,0.01038956480038089,usd_strong,oil_strong,usd_up_oil_up,-0.003699527051481133,-0.026005400820108937,-0.03736172290558515,1133.2400146484374,1147.6900146484375,1162.6050048828124,1185.926668294271,147.0,12334.85,0.004053555576273729,-0.01445515675030229,-0.02709865273636125,1213.800048828125,-0.06813319320758893,0,0,0,0.07962891379976807,0.00548145466891703,-0.002475401660549159,0.009813434555320688,0.02236765040598554,-0.002475401660549159,0.024489500344863968,0.03607112519562161,-0.002475401660549159,0.04614983146396634,0.05675897323658785,-0.002475401660549159,0.06471582956605415,0.07417560447793337,-0.002475401660549159,0.07417560447793337,0.08743703169371031,-0.002475401660549159,0.09221116707574417,0,0,1,mean_reversion,ret5_moderate,ma20_gap_moderate,vol_cold,0,1,1,0
2017-03-09,GC=F,1204.5,1205.5999755859375,1202.300048828125,1202.4000244140625,1202.4000244140625,37,101.8499984741211,52.189998626708984,-0.003424642706186587,-0.05246919223441804,usd_weak,oil_weak,usd_down_oil_down,-0.018048162993824057,-0.02394674844984379,-0.03823382548768073,1215.2,1232.3700073242187,1233.525,1226.416658528646,52.8,283.65,0.13044244667724308,-0.02431898109499475,-0.02523254541735076,1263.0999755859375,-0.04805633152175226,0,0,0,0.08967916505604948,-0.00041583498823005716,-0.0051564147673806016,0.006320671516653498,0.020043226128244385,-0.0051564147673806016,0.024118429317341317,0.03700931395247187,-0.0051564147673806016,0.03917163558682524,0.035429120692755056,-0.0051564147673806016,0.0459912887849121,0.03983701217687896,-0.0051564147673806016,0.04815371194147944,0.07069194799910372,-0.0051564147673806016,0.07684632612935083,0,0,1,mean_reversion,ret5_shallow,ma20_gap_moderate,vol_cold,0,0,0,0
2017-03-10,GC=F,1196.199951171875,1203.300048828125,1196.199951171875,1200.699951171875,1200.699951171875,3,101.25,51.369998931884766,-0.0028560263237401573,-0.08103761127621756,usd_weak,oil_weak,usd_down_oil_down,-0.011850896801408162,-0.020236677950326354,-0.04471324063215498,1210.239990234375,1226.75,1231.804998779297,1226.789990234375,29.2,239.55,0.012523481527864746,-0.02123501025320973,-0.025251600406108632,1263.0999755859375,-0.0494022845540123,0,0,0,0.11712408194820255,-0.0004996881905025008,-0.003248024071245914,0.017073374559557708,0.02423594473194446,-0.003248024071245914,0.025568480461937604,0.039560258125804326,-0.003248024071245914,0.04064300059352588,0.038810776673030345,-0.003248024071245914,0.04747230975096506,0.04464070944946452,-0.003248024071245914,0.05696679203435018,0.06254693154851276,-0.003248024071245914,0.07837103479883467,0,0,1,mean_reversion,ret5_shallow,ma20_gap_moderate,vol_cold,0,0,0,0
2017-05-04,GC=F,1239.800048828125,1239.800048828125,1224.199951171875,1226.5,1226.5,72,98.76000213623047,48.380001068115234,-0.0032297102231574337,-0.05948673484226963,usd_weak,oil_weak,usd_down_oil_down,-0.021383585561321805,-0.029437328961972486,-0.04321711783989168,1249.4800048828124,1260.2,1266.7250061035156,1261.240010579427,95.2,333.25,0.21605401350337583,-0.026741787017933727,-0.03175512120602164,1294.800048828125,-0.05274949509767224,0,0,0,0.05991495941244685,-0.009946963858030955,-0.01019160211985326,0.006114961271912023,-0.0030982868553811604,-0.01019160211985326,0.006114961271912023,0.020546230062678417,-0.01019160211985326,0.027313493681206724,0.023889155179881882,-0.01019160211985326,0.028617998847074944,0.041011046741235235,-0.01019160211985326,0.042804728903383715,0.022421524663677195,-0.01019160211985326,0.056013005439767616,0,0,1,mean_reversion,ret5_moderate,ma20_gap_moderate,vol_cold,0,0,0,1
2017-05-05,GC=F,1227.0,1233.699951171875,1224.800048828125,1224.800048828125,1224.800048828125,16,98.6500015258789,49.099998474121094,-0.004038379743107057,-0.05084092579525157,usd_weak,oil_weak,usd_down_oil_down,-0.024141444783047805,-0.03261979903182555,-0.048625116046916994,1241.22001953125,1253.9400024414062,1265.4500061035155,1260.5033447265625,81.4,325.6,0.04914004914004914,-0.023238714417393225,-0.03212292629446267,1294.800048828125,-0.05406240142124985,0,0,0,0.047545419404715884,-0.00612344848220403,-0.008817805680574886,0.007511390271969232,0.0011429639842759354,-0.008817805680574886,0.007511390271969232,0.02277914862139685,-0.008817805680574886,0.028739345010276418,0.034944419539142624,-0.008817805680574886,0.034944419539142624,0.04449705897068257,-0.008817805680574886,0.04670146055807489,0.015839240341565697,-0.008817805680574886,0.05747869002055306,0,0,1,mean_reversion,ret5_moderate,ma20_gap_moderate,vol_cold,0,0,0,1
2017-05-08,GC=F,1224.0,1234.0,1224.0,1225.300048828125,1225.300048828125,43,99.1500015258789,49.34000015258789,0.00010088900839266834,-0.04231367014375231,usd_strong,oil_weak,usd_up_oil_down,-0.01692873489460711,-0.02234101883757278,-0.03958300522592573,1235.62001953125,1248.8900024414063,1264.0000061035157,1259.7400146484374,83.2,305.5,0.1407528641571195,-0.018888736051346555,-0.03061705465863851,1294.800048828125,-0.05367624141109806,0,0,0,0.10127560881329725,-0.0021220089387384844,-0.009222270772724084,0.0007344342674355797,0.002693158105207427,-0.009222270772724084,0.006039257364616413,0.028890803014009814,-0.009222270772724084,0.028890803014009814,0.030033400221446183,-0.009222270772724084,0.03648082052606294,0.05639433023121532,-0.009222270772724084,0.05704717176058405,0.01281314824633406,-0.009222270772724084,0.05704717176058405,0,0,1,mean_reversion,ret5_shallow,ma20_gap_moderate,vol_cold,0,0,0,0
2017-05-09,GC=F,1226.0999755859375,1226.199951171875,1214.0,1214.300048828125,1214.300048828125,55,99.58999633789062,48.72999954223633,0.006162790061315038,-0.034284573397241225,usd_strong,oil_weak,usd_up_oil_down,-0.009946963858030955,-0.03250731220735248,-0.0405340769179946,1227.4600341796875,1243.760009765625,1262.160009765625,1258.3700154622395,76.2,299.15,0.18385425371887015,-0.023686210125899998,-0.03791909153134032,1294.800048828125,-0.06217176163443727,0,0,0,0.04870506378044066,0.009799803891331615,0.002470559070548717,0.012517459079857574,0.017046817375863332,0.002470559070548717,0.018940952874206385,0.03335254745240679,0.002470559070548717,0.03895242102926688,0.047517045912630174,0.002470559070548717,0.04850522932992729,0.06242273219947925,0.002470559070548717,0.06662266251395077,0.023964402878860813,0.002470559070548717,0.06662266251395077,0,0,1,mean_reversion,ret5_moderate,ma20_gap_moderate,vol_cold,0,0,0,1
2017-05-10,GC=F,1219.800048828125,1220.199951171875,1217.300048828125,1217.300048828125,1217.300048828125,23,99.66999816894531,50.220001220703125,0.004636620186650564,-0.011222675419365058,usd_strong,oil_weak,usd_up_oil_down,-0.00612344848220403,-0.023347220006367908,-0.035496337552034185,1221.6400390625,1239.2800170898438,1259.4650146484375,1257.1033487955729,41.8,280.25,0.08206958073148975,-0.017736078980224,-0.03347847326436637,1294.800048828125,-0.05985480157352663,0,0,0,0.093931194433707,0.009282778529985825,0.0008214901502408001,0.01265086809006144,0.033023863927858166,0.0008214901502408001,0.03442035707144386,0.02883428421754175,0.0008214901502408001,0.03639195348793356,0.0408280203551461,0.0008214901502408001,0.04592121917481551,0.04846791886420965,0.0008214901502408001,0.063994002480114,0.024891091384561914,0.0008214901502408001,0.063994002480114,0,0,1,mean_reversion,ret5_shallow,ma20_gap_moderate,vol_cold,0,0,0,0
2017-07-03,GC=F,1236.0,1236.0,1217.9000244140625,1217.9000244140625,1217.9000244140625,33,96.19999694824219,49.68000030517578,-0.012624482737153886,0.08400607288460349,usd_weak,oil_strong,usd_down_oil_up,-0.02411857018103969,-0.02278746955098543,-0.021138022657082867,1239.439990234375,1243.1699951171875,1255.804998779297,1258.8200032552083,219.4,299.55,0.1101652478718077,-0.02032704360817761,-0.030183805926939256,1295.199951171875,-0.05968184810991761,0,0,0,0.09779667568612292,-0.007636134856470966,-0.007636134856470966,0.005911775209413328,-0.003530707563778712,-0.007636134856470966,0.005911775209413328,0.019049142546028408,-0.007636134856470966,0.019131231045850683,0.027752628360504294,-0.007636134856470966,0.03128333592428301,0.044913334489989465,-0.007636134856470966,0.04548815444906129,0.045816508448349946,-0.007636134856470966,0.060103415472950505,0,0,1,mean_reversion,ret5_shallow,ma20_gap_moderate,vol_cold,0,1,1,0
2017-07-05,GC=F,1222.5,1225.0,1217.0999755859375,1220.4000244140625,1220.4000244140625,40,96.29000091552734,47.790000915527344,-0.0018658681755789885,0.024437285152413724,usd_weak,oil_strong,usd_down_oil_up,-0.019128699318301745,-0.020860076613222756,-0.01659949684604145,1234.239990234375,1241.1099975585937,1252.104998779297,1257.4766723632813,205.2,254.45,0.15720180782078993,-0.016686654031689452,-0.025321338383078262,1295.199951171875,-0.057751644207625796,0,0,0,0.11016621569385389,-0.006801088710326808,-0.009669000812901896,0.0038511562420948664,-0.0018846679630551977,-0.009669000812901896,0.0038511562420948664,0.01704353190897301,-0.009669000812901896,0.01704353190897301,0.023434918890360423,-0.009669000812901896,0.0291707430955106,0.04211735773992675,-0.009669000812901896,0.0433464629267446,0.04629629537014046,-0.009669000812901896,0.057931784462081914,0,0,1,mean_reversion,ret5_shallow,ma20_gap_moderate,vol_cold,0,1,1,0
2017-07-07,GC=F,1219.0999755859375,1220.4000244140625,1208.5999755859375,1208.5999755859375,1208.5999755859375,116,96.01000213623047,46.709999084472656,0.0039736996102330835,-0.01497256667836877,usd_strong,oil_weak,usd_up_oil_down,-0.007636134856470966,-0.028612744721945194,-0.03126001984865667,1221.9599853515624,1235.089990234375,1245.3249938964843,1254.930000813802,47.4,212.5,0.5458823529411765,-0.021447841742617157,-0.02949030854639667,1287.5999755859375,-0.0613544590695182,0,0,0,0.06300734441437959,0.007860334429838467,8.272016213561884e-05,0.008935999541857642,0.0148932652354834,8.272016213561884e-05,0.015637948697541315,0.037812406226495066,8.272016213561884e-05,0.037812406226495066,0.049478777127339946,8.272016213561884e-05,0.050802602725765755,0.041122020723269204,8.272016213561884e-05,0.05353307508617178,0.06379279922503622,8.272016213561884e-05,0.07620385358793902,0,0,1,mean_reversion,ret5_moderate,ma20_gap_moderate,vol_cold,0,1,1,0
2017-10-02,GC=F,1275.0,1276.0999755859375,1270.4000244140625,1272.699951171875,1272.699951171875,136,93.55999755859375,56.119998931884766,0.009821867433652098,-0.04913591161277997,usd_strong,oil_weak,usd_up_oil_down,-0.008337286145114864,-0.026094349848570397,-0.02572157727957869,1284.0199951171876,1292.9,1311.35,1308.0799967447917,5076.2,1331.55,0.1021366077128159,-0.015623829242884302,-0.02947348063303079,1355.800048828125,-0.0612922958131451,0,0,0,0.07885581754928489,-0.002199989679605441,-0.004007209697180825,0.00636449907049319,0.007150230223448073,-0.009585881700271526,0.008878800394169994,0.02137194490904326,-0.009585881700271526,0.02443631558845727,0.003928655764774858,-0.009585881700271526,0.02443631558845727,0.0011000427970264681,-0.009585881700271526,0.02443631558845727,0.0036144400351507677,-0.009585881700271526,0.02443631558845727,0,0,1,mean_reversion,ret5_moderate,ma20_gap_moderate,vol_cold,0,0,0,1
2018-07-02,GC=F,1249.9000244140625,1249.9000244140625,1239.800048828125,1239.800048828125,1239.800048828125,29,94.87000274658203,77.30000305175781,0.006257997188420905,0.034390466738628556,usd_strong,oil_strong,usd_up_oil_up,-0.010376755661975157,-0.020385530385197637,-0.028522099777801846,1249.6600341796875,1259.5300048828126,1276.6199951171875,1283.2933268229167,341.2,219.4,0.13217866909753873,-0.015664538342239243,-0.02884174337695733,1307.699951171875,-0.05192315124192104,0,0,0,0.11519134132199459,0.01169543428692843,-0.002258468073760511,0.014115179311810166,0.011292143449448178,-0.002258468073760511,0.018148087686613135,-0.011372880384685868,-0.011372880384685868,0.018148087686613135,-0.012824668323808686,-0.022665023834134046,0.018148087686613135,-0.0129860437346071,-0.022665023834134046,0.018148087686613135,-0.037748061772026054,-0.03911921123558826,0.018148087686613135,0,0,1,mean_reversion,ret5_shallow,ma20_gap_moderate,vol_cold,0,1,1,0
2018-08-15,GC=F,1187.800048828125,1188.0999755859375,1174.5999755859375,1177.5,1177.5,71,96.69999694824219,70.76000213623047,0.016824379598244565,-0.021029284293537898,usd_strong,oil_weak,usd_up_oil_down,-0.0277433541931017,-0.02894604675295076,-0.03317187257098475,1196.960009765625,1204.039990234375,1214.1200012207032,1224.1133382161458,72.0,16161.3,0.004393210942189057,-0.02204244912929243,-0.030161764227493726,1231.4000244140625,-0.043771336158377805,0,0,0,0.06146115191341322,0.007898130639596657,-0.013673015359607188,0.010615711252653925,0.01596607119161364,-0.013673015359607188,0.01596607119161364,0.02292993630573248,-0.013673015359607188,0.033545647558386404,0.017324861498142274,-0.013673015359607188,0.033545647558386404,0.020806794055201694,-0.013673015359607188,0.033545647558386404,0.0040764745886412435,-0.013673015359607188,0.033545647558386404,0,0,1,mean_reversion,ret5_moderate,ma20_gap_moderate,vol_cold,0,1,1,0
2018-08-16,GC=F,1173.199951171875,1180.199951171875,1161.4000244140625,1176.199951171875,1176.199951171875,123,96.6500015258789,71.43000030517578,0.012041900794543592,-0.008880246876071474,usd_strong,oil_weak,usd_up_oil_down,-0.01267531019670809,-0.0294579359047773,-0.028415682395345088,1189.8199951171875,1200.5999877929687,1211.8099975585938,1221.410001627604,87.8,16165.8,0.007608655309356791,-0.020323202456421496,-0.029385833140889717,1231.4000244140625,-0.04482708473913943,0,0,0,0.059528411287205256,0.013943228273154418,-0.001275293370404884,0.013943228273154418,0.009182153780370905,-0.001275293370404884,0.017089014190337037,0.018279204975802932,-0.001275293370404884,0.03468802118846792,0.014793423853424192,-0.001275293370404884,0.03468802118846792,0.015983718422530213,-0.001275293370404884,0.03468802118846792,0.013008033891585447,-0.001275293370404884,0.03468802118846792,0,0,1,mean_reversion,ret5_moderate,ma20_gap_moderate,vol_cold,0,1,1,0
2018-08-17,GC=F,1174.699951171875,1181.199951171875,1174.699951171875,1176.5,1176.5,66,96.0999984741211,71.83000183105469,-0.0026982371791572923,-0.013459631374804104,usd_weak,oil_weak,usd_down_oil_down,-0.013830678960603526,-0.02856904985833053,-0.031049211569716517,1182.9,1196.8299926757813,1209.1599975585937,1218.8166666666666,86.0,16169.1,0.004081859843776092,-0.016986533425962236,-0.027010484654253597,1231.4000244140625,-0.04458341994932602,0,0,0,0.06339389253962119,0.01682962076338712,0.006714852880631117,0.01682962076338712,0.02532940826869945,0.006714852880631117,0.026774330641734068,0.020229535765512008,0.006714852880631117,0.03442413939651501,0.014024649383765464,0.006714852880631117,0.03442413939651501,0.019719465509455913,0.006714852880631117,0.03442413939651501,0.00900975400419668,0.002974925626859415,0.03442413939651501,0,0,1,mean_reversion,ret5_moderate,ma20_gap_moderate,vol_cold,0,1,1,0
2019-09-30,GC=F,1495.9000244140625,1495.9000244140625,1463.5,1465.699951171875,1465.699951171875,1078,99.37999725341797,60.779998779296875,0.007910738249165439,-0.061602564004404003,usd_strong,oil_weak,usd_up_oil_down,-0.02585406423319503,-0.03806523715866261,-0.024881927364467704,1501.7999755859375,1505.0999877929687,1507.4199951171875,1511.0866658528646,3426.6,883.7,1.2198709969446644,-0.02617768715742841,-0.027676456515404735,1553.199951171875,-0.05633530952275789,0,0,0,0.030923850019327407,0.028245906934063703,-0.005048715692344441,0.03581906375723398,0.021832572194885325,-0.005048715692344441,0.03581906375723398,0.017738964908344368,-0.005048715692344441,0.03581906375723398,0.0113939235849978,-0.005048715692344441,0.03581906375723398,0.016579142824352466,-0.005048715692344441,0.03581906375723398,-0.0069590990732583125,-0.011189126622155987,0.03581906375723398,0,0,1,mean_reversion,ret5_moderate,ma20_gap_moderate,vol_mild,0,1,1,0
2020-03-13,GC=F,1574.9000244140625,1589.800048828125,1513.800048828125,1515.699951171875,1515.699951171875,89,98.75,33.849998474121094,0.02918189828883677,-0.25226423388922414,usd_strong,oil_weak,usd_up_oil_down,-0.08643241909723887,-0.09282983787619292,-0.030944329115490832,1616.0,1629.2700073242188,1625.375,1606.4099975585937,120.2,360.65,0.24677665326493833,-0.0697060988306426,-0.0674767661789587,1701.5999755859375,-0.10925013345163503,0,0,0,0.002705836876691148,-0.025334765178332885,-0.04196079543102493,0.03523126353126549,-0.020914397435565002,-0.04196079543102493,0.03523126353126549,0.07138620883277835,-0.04196079543102493,0.11202748188837952,0.07785182015000225,-0.04196079543102493,0.11202748188837952,0.151151352534596,-0.04196079543102493,0.15906848678713859,0.12944519335142424,-0.04196079543102493,0.1710761081885932,0,0,1,mean_reversion,ret5_extreme,ma20_gap_deep,vol_cold,0,0,0,1
2020-03-16,GC=F,1569.0999755859375,1569.0999755859375,1452.0999755859375,1485.9000244140625,1485.9000244140625,193,98.08999633789062,30.049999237060547,0.03361427566617925,-0.12543659187225253,usd_strong,oil_weak,usd_up_oil_down,-0.09473619939509226,-0.11263062143083757,-0.0668215921316897,1578.2800048828126,1618.6300048828125,1620.5350036621094,1603.1766642252603,126.6,366.9,0.5260288907059144,-0.08200143335311494,-0.08308057459036478,1701.5999755859375,-0.1267630196677687,0,0,0,0.0011596443757247777,-0.004912880212788018,-0.011171663848974944,0.03775487897179319,0.05457969866977952,-0.011171663848974944,0.05457969866977952,0.09159430200534935,-0.011171663848974944,0.1343293440382345,0.12860890534091918,-0.011171663848974944,0.14186683040195636,0.18224639767712336,-0.011171663848974944,0.19456219855702517,0.1511541637362206,-0.011171663848974944,0.19456219855702517,0,0,1,mean_reversion,ret5_extreme,ma20_gap_deep,vol_cold,1,0,1,0
2020-03-17,GC=F,1469.300048828125,1537.699951171875,1469.300048828125,1524.9000244140625,1524.9000244140625,122,99.58000183105469,28.729999542236328,0.032880386355499835,-0.22810320795326433,usd_strong,oil_weak,usd_up_oil_down,-0.040520998197632996,-0.0808871997749745,-0.07137199495423874,1551.4400146484375,1606.910009765625,1616.7800048828126,1601.4333333333334,141.4,357.5,0.3412587412587413,-0.05103582954438379,-0.05682899354968818,1701.5999755859375,-0.1038434142613508,0,0,0,0.003865481252415926,-0.026821446494355028,-0.03534659554797592,0.011213833898722658,0.08872708019648767,-0.03534659554797592,0.10531836383676851,0.03836317074129392,-0.03534659554797592,0.10531836383676851,0.09174373544116032,-0.03534659554797592,0.13082824893825884,0.13266438685745685,-0.03534659554797592,0.1640107361674661,0.11705685431317892,-0.03534659554797592,0.1640107361674661,0,0,1,mean_reversion,ret5_extreme,ma20_gap_deep,vol_cold,0,0,0,1
2020-03-18,GC=F,1537.5,1542.0,1477.300048828125,1477.300048828125,1477.300048828125,333,101.16000366210938,24.8799991607666,0.048181550336255485,-0.304833793676364,usd_strong,oil_weak,usd_up_oil_down,-0.025334765178332885,-0.09997561419832257,-0.09981105916434463,1518.62001953125,1590.5300170898438,1610.2700073242188,1598.9966674804687,198.6,347.05,0.9595159198962685,-0.07119008572305541,-0.08257618777676279,1701.5999755859375,-0.1318170721532691,0,0,0,0.001932740626207963,0.060718843976909076,-0.004264569566028609,0.060718843976909076,0.10492113644953482,-0.004264569566028609,0.14093274506897258,0.06830020917131185,-0.004264569566028609,0.14093274506897258,0.12732685938455668,-0.004264569566028609,0.16726458229115382,0.16455694006019805,-0.004264569566028609,0.20151623998660728,0.14005272829163862,-0.004264569566028609,0.20151623998660728,0,0,1,mean_reversion,ret5_extreme,ma20_gap_deep,vol_mild,0,0,0,1
2020-03-19,GC=F,1481.5,1491.5999755859375,1471.0,1478.5999755859375,1478.5999755859375,262,102.76000213623047,28.469999313354492,0.05427311838797566,-0.14298620508142457,usd_strong,oil_weak,usd_up_oil_down,-0.004912880212788018,-0.06965335043172782,-0.11269805933551824,1496.4800048828124,1571.7500122070312,1603.3700073242187,1596.3566650390626,199.8,354.3,0.7394863110358453,-0.059265173149446126,-0.07781736665169603,1701.5999755859375,-0.13105312834951766,0,0,0,0.005025125628140704,0.1228188682432334,0.003313962190565345,0.1399296820169853,0.11598809876352001,0.003313962190565345,0.1399296820169853,0.09948598540159237,0.003313962190565345,0.1399296820169853,0.17421884203931226,0.003313962190565345,0.17421884203931226,0.14243201613910572,0.003313962190565345,0.20045991431631505,0.14601652101915263,0.003313962190565345,0.20045991431631505,0,0,1,mean_reversion,ret5_extreme,ma20_gap_deep,vol_cold,0,0,0,1
2020-03-20,GC=F,1483.5,1484.0,1483.5,1484.0,1484.0,14,102.81999969482422,26.979999542236328,0.041215186783030155,-0.20295418734322834,usd_strong,oil_weak,usd_up_oil_down,-0.026821446494355028,-0.020914397435565002,-0.11180275518853611,1490.1400146484375,1553.0700073242188,1595.3400085449218,1593.6533325195312,184.8,345.7,0.0404975412207116,-0.04447320919114217,-0.06979077058718841,1701.5999755859375,-0.127879630176304,0,0,0,0.1097796675686123,0.09993264745830532,0.004177864671074838,0.13578167115902962,0.09427225364829006,0.004177864671074838,0.13578167115902962,0.1008759778786219,0.004177864671074838,0.13578167115902962,0.17574127279523255,0.004177864671074838,0.18382752616450482,0.14663071131127858,0.004177864671074838,0.1960916442048517,0.15020217278575632,0.004177864671074838,0.1960916442048517,0,0,1,mean_reversion,ret5_shallow,ma20_gap_deep,vol_cold,0,0,0,0
2020-06-05,GC=F,1711.800048828125,1711.800048828125,1668.5999755859375,1676.199951171875,1676.199951171875,1502,96.94000244140625,42.29999923706055,-0.014236261425860541,0.1972826788783042,usd_weak,oil_strong,usd_down_oil_up,-0.02840250486137319,-0.034947361614934946,-0.02574835735433012,1711.1800048828125,1715.5800170898438,1720.8950134277343,1715.440010579427,1335.2,8659.15,0.17345813388150108,-0.022954374337356476,-0.02597198661575184,1770.5,-0.05326181803339447,0,0,0,0.03981445689988403,0.02213345587458848,-0.00017893256565415516,0.03853961313570409,0.03167885646287383,-0.00017893256565415516,0.040508308311661745,0.04158219500809457,-0.00017893256565415516,0.04444577148920392,0.05745140892099365,-0.00017893256565415516,0.06377522224560739,0.066996809509279,-0.00017893256565415516,0.07266439110857359,0.08334332258184318,-0.00017893256565415516,0.08567002854036332,0,0,1,mean_reversion,ret5_moderate,ma20_gap_moderate,vol_cold,0,0,0,1
2020-08-25,GC=F,1927.5,1928.5,1911.800048828125,1911.800048828125,1911.800048828125,176,93.0199966430664,45.86000061035156,0.008128319359339109,0.00879897786921724,usd_strong,oil_strong,usd_up_oil_up,-0.011376563990331823,-0.043813131197499744,-0.010762665331974008,1933.3199951171875,1947.9599975585938,1967.7549987792968,1931.9333333333334,179.6,12489.3,0.014092062805761732,-0.01856298321104577,-0.028435933328022855,2063.0,-0.07329129964705527,0,0,0,0.022033243138770777,0.02761791265262148,-0.0010984923122777657,0.0317501567222378,0.0295009419935528,-0.0010984923122777657,0.03896851035528859,0.01720886154591139,-0.004550723412482638,0.03896851035528859,0.025316403968823842,-0.004550723412482638,0.03896851035528859,-0.027147203205625803,-0.027147203205625803,0.03896851035528859,-0.014750534847759456,-0.03154098090178792,0.03896851035528859,0,0,1,mean_reversion,ret5_moderate,ma20_gap_moderate,vol_cold,0,0,0,1
2020-09-23,GC=F,1875.5,1875.5,1859.9000244140625,1859.9000244140625,1859.9000244140625,5,94.38999938964844,41.77000045776367,0.01265958927975519,-0.01065847347059734,usd_strong,oil_weak,usd_up_oil_down,-0.0472311625044719,-0.05116821204788302,-0.04360566096929874,1910.3599853515625,1931.339990234375,1936.9849853515625,1940.6433227539062,98.6,330.0,0.015151515151515152,-0.036989844450765474,-0.03979636472169612,1986.300048828125,-0.06363591668269653,0,0,0,0.010823347506764593,0.006935869801994565,-0.004516384915210114,0.006935869801994565,0.01483949417906616,-0.004516384915210114,0.021398960285701873,0.012742594150640718,-0.004516384915210114,0.031238225078383586,0.0222592740849632,-0.004516384915210114,0.03720627467257298,0.03478678978578853,-0.004516384915210114,0.03720627467257298,0.018656890540558413,-0.004516384915210114,0.03720627467257298,0,0,1,mean_reversion,ret5_extreme,ma20_gap_moderate,vol_cold,0,1,1,0
2020-09-24,GC=F,1851.5,1868.300048828125,1851.5,1868.300048828125,1868.300048828125,365,94.3499984741211,41.939998626708984,0.014843468164983387,-0.03140879063082147,usd_strong,oil_weak,usd_up_oil_down,-0.017304809167216217,-0.03695873771746139,-0.0439565574097156,1896.0199951171876,1922.75,1933.364990234375,1938.4233235677084,158.2,333.9,1.0931416591793952,-0.028318788803471606,-0.033653728982835474,1986.300048828125,-0.0594069360616577,0,0,0,0.03362968689601856,0.013916394219605221,-0.006422951178279401,0.01450515167675337,0.02146334878655587,-0.006422951178279401,0.022105617769328623,0.010865453207339781,-0.006422951178279401,0.026601696661651797,0.01868003074005209,-0.006422951178279401,0.03254291343403248,0.01755602735138062,-0.006422951178279401,0.03254291343403248,0.041213936727292566,-0.006422951178279401,0.0426590746073503,0,0,1,mean_reversion,ret5_moderate,ma20_gap_moderate,vol_mild,0,1,1,0
2020-09-25,GC=F,1856.300048828125,1857.699951171875,1856.300048828125,1857.699951171875,1857.699951171875,4,94.58000183105469,41.91999816894531,0.017755316049288927,-0.02850529115731104,usd_strong,oil_weak,usd_up_oil_down,-0.02154220211734703,-0.04835819148336784,-0.04133558449680608,1877.139990234375,1914.739990234375,1930.169989013672,1935.1233235677084,151.4,218.95,0.018269011189769355,-0.029789965924051143,-0.03754593546386531,1986.300048828125,-0.0647435404998965,0,0,0,0.013142636258214147,0.01604136814953705,0.007913050346432193,0.022608602629022867,0.02287775266032077,0.007913050346432193,0.029768019745729513,0.03326697015260205,0.007913050346432193,0.03843463761143018,0.023200785266243695,0.007913050346432193,0.03843463761143018,0.023846719057175836,0.007913050346432193,0.03843463761143018,0.04984663836473491,0.0005921826372208283,0.05442218889679906,0,0,1,mean_reversion,ret5_moderate,ma20_gap_moderate,vol_cold,0,1,1,0
2020-11-30,GC=F,1785.0,1787.199951171875,1762.300048828125,1775.699951171875,1775.699951171875,3145,91.87000274658203,47.59000015258789,-0.005628278455478197,0.05849646622932281,usd_weak,oil_strong,usd_down_oil_up,-0.01612372388572625,-0.0517462488931959,-0.05833377676636209,1801.1800048828125,1838.4900024414062,1866.0799987792968,1876.5599975585938,56517.4,14429.45,0.21795702538904807,-0.03415305559788184,-0.0484331045113523,1963.199951171875,-0.09550733733875516,0,0,0,0.010050251256281407,0.03440902142049773,-0.00045048531835834016,0.037337416596970874,0.04848797658603754,-0.00045048531835834016,0.05136006969082807,0.02984738495094441,-0.00045048531835834016,0.05637219147873984,0.05828687438533464,-0.00045048531835834016,0.07450585823399591,0.05856845348864548,-0.00045048531835834016,0.07450585823399591,0.04387003804480161,-0.00045048531835834016,0.10373378290663604,0,0,1,mean_reversion,ret5_extreme,ma20_gap_deep,vol_cold,0,1,1,0
2021-02-04,GC=F,1832.199951171875,1832.199951171875,1782.800048828125,1788.9000244140625,1788.9000244140625,2375,91.52999877929688,58.84000015258789,0.011828429202448199,0.05960744545388108,usd_strong,oil_strong,usd_up_oil_up,-0.03863930703319951,-0.026660862587246315,-0.04095857096131039,1831.9400146484375,1840.3800048828125,1847.330010986328,1863.769999186198,1598.2,11584.45,0.20501620707068527,-0.027972473256700048,-0.03162942529205626,1959.9000244140625,-0.08724934836975817,0,0,0,0.07344414379590258,0.025937740388404462,0.0011180054629689185,0.030409762240279914,0.020124098333438978,0.0011180054629689185,0.03476994260327548,-0.007322922134918253,-0.013751453546989034,0.03476994260327548,-0.03398739336930778,-0.039186077829529986,0.03476994260327548,-0.050813361939461066,-0.05808039744875848,0.03476994260327548,-0.02655262974550976,-0.06439715560958759,0.03476994260327548,0,0,1,mean_reversion,ret5_moderate,ma20_gap_moderate,vol_cold,0,1,1,0
2021-02-17,GC=F,1785.800048828125,1789.699951171875,1768.800048828125,1771.0999755859375,1771.0999755859375,614,90.94999694824219,64.33999633789062,0.00563903685392253,0.05320013385472322,usd_strong,oil_strong,usd_up_oil_up,-0.029481093817947168,-0.03498069609009191,-0.03245016356955066,1811.07998046875,1815.4599975585938,1833.4250061035157,1844.6566731770833,631.8,11790.2,0.052077148818510284,-0.024434590700049053,-0.033993771389665084,1876.0,-0.05591685736357277,0,0,0,0.039427908774642445,0.02010048900495298,-0.003839380527100311,0.020721627095074524,0.014284935450781022,-0.003839380527100311,0.02269780012214606,-0.03150580290610194,-0.038168356681035576,0.02269780012214606,-0.02800518111323913,-0.054994086023765765,0.02269780012214606,-0.0250126629600097,-0.054994086023765765,0.02269780012214606,-0.03235273420341833,-0.054994086023765765,0.02269780012214606,0,0,1,mean_reversion,ret5_moderate,ma20_gap_moderate,vol_cold,0,1,1,0
2021-02-18,GC=F,1776.0999755859375,1784.5999755859375,1766.0,1773.4000244140625,1773.4000244140625,587,90.58999633789062,63.93000030517578,0.0024343652165808027,0.04001950602929427,usd_strong,oil_strong,usd_up_oil_up,-0.026460228270683284,-0.036509807705763175,-0.03209252719399103,1797.639990234375,1809.5800048828125,1828.8000061035157,1838.6800089518229,640.6,11818.75,0.04966684294024326,-0.019993578825542424,-0.030293078250524297,1876.0,-0.0546908185426106,0,0,0,0.03440278314650174,0.017480545603489883,-0.005131372200665285,0.021371390488496678,0.000563888567854498,-0.005131372200665285,0.021371390488496678,-0.04127668446738242,-0.04127668446738242,0.021371390488496678,-0.028814692050554758,-0.05621973151552695,0.021371390488496678,-0.023232250296038037,-0.05621973151552695,0.021371390488496678,-0.02644638759918727,-0.05621973151552695,0.021371390488496678,0,0,1,mean_reversion,ret5_moderate,ma20_gap_moderate,vol_cold,0,1,1,0
2021-02-19,GC=F,1764.300048828125,1787.5999755859375,1764.300048828125,1775.800048828125,1775.800048828125,118,90.36000061035156,62.90999984741211,-0.0006635430193401293,0.028949958708428536,usd_weak,oil_strong,usd_down_oil_up,-0.011907357514558181,-0.026905570129356793,-0.007322922134918253,1787.8199951171875,1808.2700073242188,1824.3250061035155,1834.310009765625,543.8,11824.35,0.009979406901859299,-0.017956366231026033,-0.026598855529055387,1876.0,-0.05341148783148986,0,0,0,0.07189795129493622,0.01160039138389024,0.0046176094979197835,0.019990989426668326,-0.02686117351650341,-0.03209820837521382,0.019990989426668326,-0.04381126629626253,-0.0511319103116622,0.019990989426668326,-0.031704047347717035,-0.05749526683684192,0.019990989426668326,-0.01937156406587759,-0.05749526683684192,0.019990989426668326,-0.02748059887729415,-0.05749526683684192,0.019990989426668326,0,0,1,mean_reversion,ret5_moderate,ma20_gap_moderate,vol_cold,0,1,1,0
2021-03-01,GC=F,1737.0999755859375,1747.0,1720.300048828125,1722.5,1722.5,407,91.04000091552734,63.689998626708984,0.011443159147335402,-0.02375841949439006,usd_strong,oil_weak,usd_up_oil_down,-0.04113784424945477,-0.046604280427007594,-0.054402710207580474,1765.160009765625,1775.0,1801.3800048828125,1817.3000081380208,1023.6,861.0,0.4727061556329849,-0.029577464788732355,-0.04378865351508332,1876.0,-0.0818230277185501,0,0,0,0.01507537688442211,-0.012946327331277208,-0.012946327331277208,0.006153831980225011,-0.026008736620101613,-0.02833094271589265,0.006153831980225011,0.0037155439268867774,-0.02833094271589265,0.00870827285921627,0.008882466663642896,-0.02833094271589265,0.016139360712989825,-0.0060377500226778125,-0.02833094271589265,0.016139360712989825,0.013759042770319363,-0.02833094271589265,0.020609579100145048,0,0,1,mean_reversion,ret5_moderate,ma20_gap_deep,vol_cold,0,1,1,0
2021-03-02,GC=F,1709.4000244140625,1733.0999755859375,1708.699951171875,1733.0999755859375,1733.0999755859375,867,90.79000091552734,62.70000076293945,0.00687593167541567,-0.0408444526764562,usd_strong,oil_weak,usd_up_oil_down,-0.02327550059731487,-0.03951454658801512,-0.03566657986171251,1750.9,1768.5900024414063,1794.9950012207032,1814.0933390299479,1083.2,829.65,1.0450189839088773,-0.020066848057762154,-0.034482004458326276,1871.9000244140625,-0.07414928522775777,0,0,0,0.028218013142636257,-0.02025271252691041,-0.02775372238388929,-0.0004038723568952074,-0.009520512510780899,-0.03427385912574388,-0.0004038723568952074,-0.001442501895572823,-0.03427385912574388,0.002538817423140882,-0.0048468204560574435,-0.03427385912574388,0.009924455302338986,-0.028388409131008818,-0.03427385912574388,0.009924455302338986,0.0010386295386775046,-0.03427385912574388,0.014367332966838342,0,0,1,mean_reversion,ret5_moderate,ma20_gap_moderate,vol_mild,0,1,1,0
2021-03-03,GC=F,1730.0,1732.4000244140625,1703.5,1715.300048828125,1715.300048828125,501,90.94999694824219,64.06999969482422,0.008538441344651648,-0.04430192691144841,usd_strong,oil_weak,usd_up_oil_down,-0.007406936484373516,-0.04514583304594988,-0.03150580290610194,1734.6800048828125,1763.010009765625,1789.2350036621094,1809.9533406575522,883.4,790.05,0.6341370799316499,-0.027061650627748013,-0.041322103962116996,1861.300048828125,-0.07843979808194901,0,0,0,0.019327406262079627,-0.021920420093229698,-0.024252373620971324,0.0012242613689494863,0.00361449950176973,-0.024252373620971324,0.004430697469594236,0.006704366392257022,-0.024252373620971324,0.02028795299200703,0.010260581288948023,-0.024252373620971324,0.020404593367738588,-0.0008744825729031236,-0.024252373620971324,0.020404593367738588,0.02920770370184811,-0.024252373620971324,0.03066517465668661,0,0,1,mean_reversion,ret5_moderate,ma20_gap_deep,vol_cold,0,1,1,0
2021-03-04,GC=F,1706.5,1717.4000244140625,1700.199951171875,1700.199951171875,1700.199951171875,521,91.62999725341797,66.73999786376953,0.016642627823259204,-0.0020932923953025373,usd_strong,oil_weak,usd_up_oil_down,-0.012946327331277208,-0.04181699291099239,-0.04127668446738242,1719.839990234375,1755.6900024414062,1782.6350036621093,1804.4300048828125,777.8,756.35,0.6888345342764592,-0.03160583656133409,-0.04624337136928536,1851.0999755859375,-0.08151911101738163,0,0,0,0.02512562814070352,0.00964593864548613,-0.015586402047438441,0.010175302508508288,0.012998528579545754,-0.015586402047438441,0.02193862480846187,0.018821315679925732,-0.015586402047438441,0.02946717979948077,0.014527746119015417,-0.015586402047438441,0.02946717979948077,0.015468797543487511,-0.015586402047438441,0.02946717979948077,0.0463475185808655,-0.015586402047438441,0.046641601638364394,0,0,1,mean_reversion,ret5_moderate,ma20_gap_deep,vol_cold,0,1,1,0
2021-06-17,GC=F,1811.800048828125,1823.300048828125,1769.5999755859375,1773.800048828125,1773.800048828125,1135,91.88999938964844,73.08000183105469,0.020093222932970223,0.0077220796181851625,usd_strong,oil_strong,usd_up_oil_up,-0.04839053174456809,-0.06356240388944301,-0.05205210821149897,1845.8400146484375,1869.5400024414062,1880.8849975585938,1867.9533365885416,344.0,10764.3,0.10544113411926462,-0.0512104333088651,-0.056933278148034616,1916.199951171875,-0.07431369688568445,0,0,0,0.005798221878623889,0.001409403501624551,-0.003946329804548454,0.010485948288379898,0.0010147292300513033,-0.003946329804548454,0.01093691611778147,0.0011838851776584391,-0.012233663685218499,0.01093691611778147,0.020408135176110065,-0.012233663685218499,0.025200107081633227,0.02294506147903408,-0.012233663685218499,0.033374647391055,0.02187390105409337,-0.012233663685218499,0.033374647391055,0,0,1,mean_reversion,ret5_extreme,ma20_gap_deep,vol_cold,0,0,0,1
2021-06-18,GC=F,1775.699951171875,1792.4000244140625,1767.9000244140625,1767.9000244140625,1767.9000244140625,354,92.2300033569336,73.51000213623047,0.01844087724559973,0.01128077682326678,usd_strong,oil_strong,usd_up_oil_up,-0.046697209806383144,-0.05832534280176915,-0.06450419158876275,1823.9400146484375,1857.35,1875.1899963378905,1866.3666707356772,345.0,10777.75,0.03284544547795226,-0.048159999777068085,-0.05721552063169999,1916.199951171875,-0.07739272024671429,0,0,0,0.006957866254348666,0.008145270781833469,-0.0006221933201805419,0.014310722556948763,0.00492106513475421,-0.0006221933201805419,0.014310722556948763,0.00831492220650154,-0.008937184574880908,0.014310722556948763,0.02126815717331043,-0.008937184574880908,0.02862151416209624,0.023078186658962663,-0.008937184574880908,0.03682333541881899,0.02839524321433995,-0.008937184574880908,0.03682333541881899,0,0,1,mean_reversion,ret5_extreme,ma20_gap_deep,vol_cold,0,0,0,1
2021-06-21,GC=F,1768.800048828125,1785.199951171875,1766.800048828125,1781.800048828125,1781.800048828125,38,91.86000061035156,74.9000015258789,0.014803402750543482,0.027998914334863567,usd_strong,oil_strong,usd_up_oil_up,-0.04178539993109709,-0.04409868625100588,-0.060628425263405616,1807.5000244140624,1845.85,1870.445001220703,1864.72333984375,344.4,10779.4,0.003525242592352079,-0.03469943450002699,-0.04739243994596254,1916.199951171875,-0.07013876723123602,0,0,0,0.021260146888287593,-0.003479668353508658,-0.003479668353508658,0.006397969486670263,-0.001234747548488624,-0.0037041741359199465,0.006397969486670263,0.006566365950865238,-0.016668578083001484,0.01571444563514035,0.015489939852729062,-0.016668578083001484,0.020597120982240646,0.016331785154611644,-0.016668578083001484,0.0287349589004382,0.01588277358978929,-0.016668578083001484,0.0287349589004382,0,0,1,mean_reversion,ret5_moderate,ma20_gap_deep,vol_cold,0,0,0,1
2021-06-22,GC=F,1783.4000244140625,1786.9000244140625,1775.9000244140625,1776.300048828125,1776.300048828125,101,91.7300033569336,74.80999755859375,0.013143388881964979,0.011082574922275379,usd_strong,oil_strong,usd_up_oil_up,0.001409403501624551,-0.042167673859193844,-0.06125140330543344,1791.8600341796875,1834.260009765625,1865.0300048828126,1862.6833414713542,349.0,10782.5,0.009367029909575702,-0.03159855234749731,-0.047575618527522234,1916.199951171875,-0.07300903136866932,0,0,0,0.024739080015461924,0.00016884915249004706,-0.0006193197241511905,0.009514103405502627,-0.00760006734724028,-0.013623865662872103,0.009514103405502627,0.01418676489284576,-0.013623865662872103,0.018859426380188893,0.027022461679076626,-0.013623865662872103,0.029668383563150158,0.014974933769486887,-0.013623865662872103,0.03192025536973975,0.019253476457672614,-0.013623865662872103,0.03192025536973975,0,0,1,mean_reversion,ret5_moderate,ma20_gap_deep,vol_cold,0,0,0,1
2021-06-23,GC=F,1780.699951171875,1793.199951171875,1780.5999755859375,1782.300048828125,1782.300048828125,136,91.80000305175781,75.19000244140625,0.007352198162331458,0.0107541747321096,usd_strong,oil_strong,usd_up_oil_up,0.008145270781833469,-0.04151651044467597,-0.05857801880625646,1776.4200439453125,1823.17001953125,1859.240008544922,1860.8966756184896,352.8,10786.5,0.01260835303388495,-0.02241698265400016,-0.041382478519818244,1916.199951171875,-0.069877834127833,0,0,0,0.025898724391186703,-0.001514937534767391,-0.003983671358208429,0.0031980873117423148,-0.006452336691322724,-0.01694443831836523,0.0031980873117423148,0.00970651758057639,-0.01694443831836523,0.02031080636264182,0.02586544034280225,-0.01694443831836523,0.02844636132126599,0.012736324159784651,-0.01694443831836523,0.02844636132126599,0.012792417737296002,-0.01694443831836523,0.02844636132126599,0,0,1,mean_reversion,ret5_moderate,ma20_gap_deep,vol_cold,0,1,1,0
2021-08-06,GC=F,1799.800048828125,1800.0999755859375,1758.4000244140625,1760.0,1760.0,859,92.80000305175781,70.69999694824219,0.006835248945733063,-0.07375874161871099,usd_strong,oil_weak,usd_up_oil_down,-0.02767801572381101,-0.029019075523784132,-0.0229821382552321,1800.7599853515626,1804.52998046875,1807.8149963378905,1800.3066650390624,1796.4,12689.35,0.0676945627632621,-0.024676775088648184,-0.02644905393237129,1833.0,-0.03982542280414625,0,0,0,0.06030150753768844,-0.005454531582919087,-0.03829546841708098,-0.0035226995294744823,0.008636335893110747,-0.03829546841708098,0.009829573197798203,0.01193181818181821,-0.03829546841708098,0.019431790438565244,0.032159077037464456,-0.03829546841708098,0.032159077037464456,0.04028410478071742,-0.03829546841708098,0.04198865023526288,0.001022755015980037,-0.03829546841708098,0.04198865023526288,0,0,1,mean_reversion,ret5_moderate,ma20_gap_moderate,vol_cold,0,0,0,1
2021-08-09,GC=F,1753.5,1753.800048828125,1692.5999755859375,1723.4000244140625,1723.4000244140625,1621,92.94999694824219,69.04000091552734,0.00977722831772554,-0.052819296287000106,usd_strong,oil_weak,usd_up_oil_down,-0.04810824390275481,-0.05208731777324571,-0.041863528549469065,1781.8199951171875,1796.9999877929688,1803.7099975585938,1798.5333333333333,1853.8,12763.05,0.12700725923662448,-0.040957130706105294,-0.04452488108023722,1833.0,-0.059792676260740585,0,0,0,0.009663703131039814,0.014854343288431382,-0.0019148478480769393,0.016827201804096248,0.03684576946759033,-0.0019148478480769393,0.03736800713807442,0.046303774879510984,-0.0019148478480769393,0.04723222888530332,0.049669243572768584,-0.0019148478480769393,0.056226078125423795,0.04206800451024084,-0.0019148478480769393,0.06411744135698783,0.030521048416383145,-0.0019148478480769393,0.06411744135698783,0,0,1,mean_reversion,ret5_extreme,ma20_gap_deep,vol_cold,0,0,0,1
2021-08-10,GC=F,1728.5999755859375,1735.199951171875,1720.0999755859375,1728.800048828125,1728.800048828125,1363,93.05999755859375,70.62999725341797,0.010642872589611052,-0.024582327284466743,usd_strong,oil_weak,usd_up_oil_down,-0.04226908636074045,-0.04491460574242334,-0.03928866416886634,1765.560009765625,1789.9299926757812,1799.679998779297,1796.8400024414063,1458.2,12827.3,0.1062577471486595,-0.03415214231718222,-0.03938475173322431,1833.0,-0.056846672761524775,0,0,0,0.020487050637804406,0.026839368945646758,-0.0008676538394458699,0.028054140808751127,0.032508068940633406,-0.0008676538394458699,0.037829650911961554,0.044423834213720426,-0.0008676538394458699,0.044423834213720426,0.04986114572955147,-0.0008676538394458699,0.05292688420620051,0.035805125286587636,-0.0008676538394458699,0.060793598228540136,0.027707022785092628,-0.0008676538394458699,0.060793598228540136,0,0,1,mean_reversion,ret5_moderate,ma20_gap_moderate,vol_cold,0,0,0,1
2021-08-11,GC=F,1727.300048828125,1752.199951171875,1727.300048828125,1750.4000244140625,1750.4000244140625,542,92.91000366210938,71.44000244140625,0.006936241923999997,0.015061171204248769,usd_strong,oil_strong,usd_up_oil_up,-0.005454531582919087,-0.033195236446251,-0.02728534347648648,1753.5400146484376,1785.0199951171876,1795.9849975585937,1796.426668294271,994.6,12819.05,0.04228082424204602,-0.019394724315596412,-0.02538160018402047,1833.0,-0.04506272536057687,0,0,0,0.04522613065326633,0.020852376308791554,-0.0027993740549122625,0.021366558439452676,0.017824469113749686,-0.0027993740549122625,0.02502280972743609,0.021595021841059436,-0.0027993740549122625,0.0315356206592563,0.035820355517227176,-0.0027993740549122625,0.0399337428239932,0.026851005109950865,-0.0027993740549122625,0.04770338141874242,-0.0015425463919833682,-0.006969877212079756,0.04770338141874242,0,0,1,mean_reversion,ret5_moderate,ma20_gap_moderate,vol_cold,0,1,1,0
2022-04-27,GC=F,1897.800048828125,1900.5999755859375,1882.199951171875,1885.9000244140625,1885.9000244140625,1786,102.94999694824219,105.31999969482422,0.025500523699153677,-0.013857708938606939,usd_strong,oil_weak,usd_up_oil_down,-0.02335576156703134,-0.0340111779712956,-0.04370972680848184,1911.2800048828126,1939.9200073242187,1938.1650024414062,1936.483329264323,603.6,1423.1,1.2550066755674234,-0.02784650021970092,-0.026966216994687375,1997.0999755859375,-0.05568071329991864,0,0,0,0.04329339002705837,-0.012779031377034511,-0.017445264323746046,0.017127062060380283,-0.010021753098992892,-0.017445264323746046,0.017127062060380283,-0.0176573775900295,-0.024391536881331777,0.017127062060380283,-0.03711755612376566,-0.05244181724043939,0.017127062060380283,-0.02105099566692148,-0.05244181724043939,0.017127062060380283,-0.019672291800019615,-0.05244181724043939,0.017127062060380283,0,0,1,mean_reversion,ret5_moderate,ma20_gap_moderate,vol_mild,0,0,0,1
2022-05-12,GC=F,1849.800048828125,1851.9000244140625,1822.199951171875,1823.800048828125,1823.800048828125,153,104.8499984741211,107.44999694824219,0.010602394931287673,-0.03110914815300203,usd_strong,oil_weak,usd_up_oil_down,-0.017931143824018392,-0.026787594008471194,-0.034362208938207406,1850.9199951171875,1863.5500122070312,1897.1200073242187,1911.8000040690104,620.6,437.3,0.3498742282186142,-0.021330236977020856,-0.038648033974143514,1997.0999755859375,-0.08677578933271346,0,0,0,0.0726710475454194,-0.003070565580831297,-0.020177677290759366,0.0026318272997616354,0.009540465992930569,-0.020177677290759366,0.009540465992930569,0.01294000161975073,-0.020177677290759366,0.02368678035710814,0.01184339017855418,-0.020177677290759366,0.026318674588720503,0.02615415609980065,-0.020177677290759366,0.028402196167883753,-0.0015900999761053747,-0.020177677290759366,0.028402196167883753,0,0,1,mean_reversion,ret5_moderate,ma20_gap_moderate,vol_cold,0,1,1,0
2022-05-13,GC=F,1825.0,1825.0,1807.4000244140625,1807.4000244140625,1807.4000244140625,335,104.55999755859375,111.55000305175781,0.008682171181644938,-0.007473942009541434,usd_strong,oil_weak,usd_up_oil_down,-0.017664003244062143,-0.03923024063010394,-0.05337035657470701,1836.160009765625,1853.360009765625,1888.9450073242188,1907.07333984375,644.8,449.0,0.7461024498886414,-0.024798196307998732,-0.043169590747201614,1997.0999755859375,-0.09498770892339437,0,0,0,0.029377657518361036,0.004702888063064847,-0.011286944859191239,0.011729529094560931,0.01903287813953347,-0.011286944859191239,0.01903287813953347,0.024289047151194065,-0.011286944859191239,0.032975531028477834,0.017594293641841396,-0.011286944859191239,0.03563130659740921,0.011397574033239044,-0.011286944859191239,0.03773373367856658,0.005588124072982481,-0.011286944859191239,0.03773373367856658,0,0,1,mean_reversion,ret5_moderate,ma20_gap_deep,vol_cold,0,1,1,0
2022-05-16,GC=F,1790.5,1813.5,1787.0,1813.5,1813.5,34,104.19000244140625,114.23999786376953,0.005209849566596647,0.07834618870198606,usd_strong,oil_strong,usd_up_oil_up,-0.021105460488614614,-0.02347745202687923,-0.02594266170447601,1827.4400146484375,1848.5300048828126,1880.4750061035156,1903.553340657552,590.8,440.9,0.07711499206169199,-0.018950195447345886,-0.03561600440640411,1997.0999755859375,-0.09193329218887514,0,0,0,0.09238500193274063,0.015274304478563483,-0.00468706920319828,0.015274304478563483,0.018913729709470584,-0.00468706920319828,0.027295285359801413,0.016101434337951526,-0.00468706920319828,0.029500964984835898,0.018748276812792897,-0.00468706920319828,0.03214780745967749,-0.0022056796250344846,-0.00468706920319828,0.034243162716260045,0.00011025705645151263,-0.00468706920319828,0.034243162716260045,0,0,1,mean_reversion,ret5_shallow,ma20_gap_moderate,vol_cold,0,1,1,0
2022-07-05,GC=F,1805.4000244140625,1805.4000244140625,1761.800048828125,1761.800048828125,1761.800048828125,64,106.5,102.7699966430664,0.02462956992941079,-0.10704665989087492,usd_strong,oil_weak,usd_up_oil_down,-0.028615484226162224,-0.03245646372318267,-0.040204798289047106,1799.2,1813.8,1826.55,1834.2833374023437,206.6,288.25,0.2220294882914137,-0.0286690655926094,-0.035449317660001034,1875.5999755859375,-0.06067387941944358,0,0,0,0.04909161190568226,-0.012033189155766455,-0.01685780021515082,0.0035191003519376984,-0.021852650092505477,-0.021852650092505477,0.0035191003519376984,-0.029401775112096407,-0.034453440549375935,0.0035191003519376984,-0.02503127280850259,-0.04654330669053108,0.0035191003519376984,0.005278650527906548,-0.04654330669053108,0.014076470695019161,0.006470599402771393,-0.04654330669053108,0.02446360222013033,0,0,1,mean_reversion,ret5_moderate,ma20_gap_moderate,vol_cold,0,1,1,0
2022-07-08,GC=F,1738.0999755859375,1749.300048828125,1732.0999755859375,1740.5999755859375,1740.5999755859375,370,107.01000213623047,107.0199966430664,0.022160661388108238,-0.06785124188816127,usd_strong,oil_weak,usd_up_oil_down,-0.012033189155766455,-0.03519760593055621,-0.04661224618607995,1754.82001953125,1785.6800048828125,1810.2900024414062,1822.906669108073,821.8,410.25,0.9018890920170628,-0.025245301046999957,-0.03849660925127063,1875.5999755859375,-0.0719769683073418,0,0,0,0.038268264398917666,-0.0036769071032004552,-0.017580130998012145,-0.002240620745010413,-0.02194642750067588,-0.022693324459402642,-0.002240620745010413,-0.007755946334226271,-0.03493044215247987,-0.002240620745010413,0.012811702367523159,-0.03493044215247987,0.014420301009994141,0.018556847800283327,-0.03493044215247987,0.02958749897871482,0.0040216018029322065,-0.03493044215247987,0.03694131318511573,0,0,1,mean_reversion,ret5_moderate,ma20_gap_moderate,vol_mild,0,1,1,0
2022-07-11,GC=F,1732.5,1736.699951171875,1730.0,1730.0,1730.0,75,108.0199966430664,107.0999984741211,0.027392022732896537,-0.04058047917902441,usd_strong,oil_weak,usd_up_oil_down,-0.002824384313279027,-0.038301197108774665,-0.052833287708732524,1741.0400146484376,1776.0300048828126,1804.35,1819.0333374023437,821.4,406.05,0.1847063169560399,-0.025917357677664787,-0.04120597445063312,1875.5999755859375,-0.07762848020962043,0,0,0,0.030537301894085815,-0.014739884393063618,-0.014739884393063618,0.0031791907514451268,-0.012023149611632977,-0.01670521642431355,0.0031791907514451268,-0.0063583815028901425,-0.02901731281611275,0.0031791907514451268,0.02254335260115603,-0.02901731281611275,0.024566473988439252,0.03283239816654615,-0.02901731281611275,0.03589593964505067,0.0023121387283238093,-0.02901731281611275,0.043294811800036026,0,0,1,mean_reversion,ret5_moderate,ma20_gap_deep,vol_cold,0,1,1,0
2022-07-12,GC=F,1734.199951171875,1735.5,1723.300048828125,1723.300048828125,1723.300048828125,451,108.06999969482422,99.48999786376953,0.014741781172058488,-0.03191591793749626,usd_strong,oil_weak,usd_up_oil_down,-0.008400929501603427,-0.021852650092505477,-0.05359985407070533,1733.3400146484375,1766.2700073242188,1796.9400024414062,1814.8966715494792,898.8,354.1,1.2736515108726347,-0.02432808025834643,-0.040980752564487744,1875.5999755859375,-0.081200644455241,0,0,0,0.10436799381523,-0.012127907979968322,-0.012882302914854482,0.006325017138577804,-0.0077177789423085175,-0.012882302914854482,0.006325017138577804,-0.003249635871627854,-0.02524226702690624,0.006789271073154746,0.027737437128442677,-0.02524226702690624,0.03673180813803012,0.04102590910964832,-0.02524226702690624,0.04224448714390605,0.013636627014535607,-0.02524226702690624,0.04735099708343116,0,0,1,mean_reversion,ret5_shallow,ma20_gap_deep,vol_mild,0,1,1,0
2022-07-20,GC=F,1707.0999755859375,1708.5,1699.5,1699.5,1699.5,130,107.08000183105469,106.91999816894531,-0.008151141727311573,0.07381739978556179,usd_weak,oil_strong,usd_down_oil_up,-0.0017034917601465027,-0.020009198563537445,-0.020404648058044983,1705.1199951171875,1719.1599975585937,1761.4950012207032,1787.2766682942708,817.6,512.25,0.2537823328452904,-0.011435816088388062,-0.035194537127690495,1842.699951171875,-0.07771202852683978,0,0,0,0.1198299188248937,0.011473962930273585,-0.011591615870476635,0.02088849661665204,0.011532789400375165,-0.011591615870476635,0.02088849661665204,0.034421888790820754,-0.011591615870476635,0.051250353389783676,0.056546028588371655,-0.011591615870476635,0.06201825502445568,0.035775256739114525,-0.011591615870476635,0.06201825502445568,0.007825859857678807,-0.011591615870476635,0.06201825502445568,0,0,1,mean_reversion,ret5_shallow,ma20_gap_moderate,vol_cold,0,1,1,0
2022-09-16,GC=F,1660.4000244140625,1674.9000244140625,1651.699951171875,1671.699951171875,1671.699951171875,464,109.76000213623047,91.3499984741211,0.006972496662664751,-0.016049094383273066,usd_strong,oil_weak,usd_up_oil_down,-0.019530820427052786,-0.02592937959799735,-0.01467642624800991,1693.339990234375,1701.6400024414063,1717.7799987792969,1738.7800008138022,524.2,579.8,0.8002759572266299,-0.01759482101183285,-0.026825348787485992,1762.9000244140625,-0.05173298087195832,0,0,0,0.08001546192500966,-0.0042471590556429906,-0.007896124638049895,0.0050248397795154,-0.01579224927609968,-0.01579224927609968,0.0050248397795154,-0.005563155488096494,-0.030687281364009666,0.0050248397795154,0.017228001237863166,-0.030687281364009666,0.033678321751853924,-0.017945804197080806,-0.030687281364009666,0.033678321751853924,-0.019201995886543588,-0.030687281364009666,0.033678321751853924,0,0,1,mean_reversion,ret5_moderate,ma20_gap_moderate,vol_mild,0,1,1,0
2022-09-19,GC=F,1661.800048828125,1669.4000244140625,1658.5,1666.199951171875,1666.199951171875,580,109.73999786376953,92.0,0.013015748258859983,-0.021276595744680882,usd_strong,oil_weak,usd_up_oil_down,-0.017860329400604225,-0.035819700994483505,-0.025500114873743818,1680.9599853515624,1697.2799926757812,1713.7099975585938,1735.2233317057292,626.6,606.35,0.9565432505978395,-0.018311676115917774,-0.027723504241909724,1761.800048828125,-0.05426273981536056,0,0,0,0.03710862002319289,0.002760831707511846,-0.0039010924201674513,0.008342350751052496,-0.0257471513629427,-0.0257471513629427,0.008342350751052496,0.016024531283540533,-0.02748765340294268,0.02028570988995204,0.0006602434812679192,-0.02748765340294268,0.037090415699904344,-0.005521516889617328,-0.02748765340294268,0.037090415699904344,-0.018185048401004877,-0.02748765340294268,0.037090415699904344,0,0,1,mean_reversion,ret5_moderate,ma20_gap_moderate,vol_mild,0,1,1,0
2022-09-26,GC=F,1623.300048828125,1623.300048828125,1623.300048828125,1623.300048828125,1623.300048828125,1205,114.0999984741211,84.05999755859375,0.039730277886136145,-0.08630437436311145,usd_strong,oil_weak,usd_up_oil_down,-0.024810721713049988,-0.0257471513629427,-0.060644597094145825,1652.7400146484374,1666.85,1690.775,1711.856669108073,1713.8,963.95,1.2500648373878314,-0.026127096722485477,-0.03990770573960167,1755.0,-0.0750427072204416,0,0,0,0.08040201005025126,0.0216841927635536,-0.0017864993080952685,0.02420989686175612,0.04287560739998897,-0.0017864993080952685,0.04724939867231903,0.02710527855387168,-0.0017864993080952685,0.06449821229751018,0.020760149176489717,-0.0017864993080952685,0.06449821229751018,0.01564707791519293,-0.0017864993080952685,0.06449821229751018,0.03277271580831931,-0.005051483395264622,0.06449821229751018,0,0,1,mean_reversion,ret5_moderate,ma20_gap_moderate,vol_mild,0,1,1,0
2023-02-15,GC=F,1842.0,1842.0,1828.199951171875,1834.199951171875,1834.199951171875,368,103.91999816894531,85.37999725341797,0.004931771480275238,0.0034081669762418,usd_strong,oil_strong,usd_up_oil_up,-0.0153532837162218,-0.023010585213809276,-0.04855280386217842,1853.8199951171875,1866.3599975585937,1897.6099975585937,1891.613330078125,368.6,9456.5,0.038915031988579284,-0.01723142717845838,-0.03341574215370924,1959.0999755859375,-0.06375377774005986,0,0,0,0.09702357943563973,-0.0006542095757381405,-0.008614069991506601,0.005179369890360386,-0.008832162034201785,-0.008832162034201785,0.005179369890360386,-0.00038161116045598575,-0.014229623967257354,0.005179369890360386,-0.002671411227886833,-0.014229623967257354,0.011558212739370521,0.04623271785278704,-0.014229623967257354,0.053156690980013854,0.07965331018731425,-0.014229623967257354,0.09251994207816083,0,0,1,mean_reversion,ret5_shallow,ma20_gap_moderate,vol_cold,0,0,0,0
2023-10-03,GC=F,1825.0,1830.9000244140625,1816.800048828125,1824.5999755859375,1824.5999755859375,310,107.0,90.91999816894531,0.007248391402937315,-0.03235420333278527,usd_strong,oil_weak,usd_up_oil_down,-0.019243199504579866,-0.039886364899145876,-0.055590074748479545,1846.939990234375,1884.189990234375,1901.8399963378906,1909.463330078125,4225.8,1116.75,0.2775912245354824,-0.031626330124503554,-0.04061331179314953,1945.5999755859375,-0.062191612622507164,0,0,0,0.027831465017394665,0.003069152505134287,-0.008330566357151126,0.003946110565892891,0.019949591637133057,-0.008330566357151126,0.020223624305493404,0.05376519615179465,-0.008330566357151126,0.05782089302402871,0.08242904002328744,-0.008330566357151126,0.08988271522218683,0.08801927969683532,-0.008330566357151126,0.09837772794135691,0.0751946043395777,-0.008330566357151126,0.09837772794135691,0,0,1,mean_reversion,ret5_moderate,ma20_gap_deep,vol_cold,0,1,1,0
2023-10-04,GC=F,1821.800048828125,1828.199951171875,1816.4000244140625,1818.5,1818.5,357,106.80000305175781,85.80999755859375,0.001218757711110019,-0.1112377540517181,usd_strong,oil_weak,usd_up_oil_down,-0.016016436327560113,-0.028371434215964664,-0.0653268797187665,1836.3199951171875,1871.4799926757812,1896.8599975585937,1906.8666625976562,1847.0,1133.4,0.31498147167813656,-0.02830914190005962,-0.04131037486132294,1945.5999755859375,-0.0653268797187665,0,0,0,0.06378044066486277,0.017047016772064882,-0.005004110852866339,0.023645861974154414,0.02985980139022537,-0.005004110852866339,0.03084958789438419,0.07522686215459173,-0.005004110852866339,0.07665659852299278,0.09106405036345211,-0.005004110852866339,0.09353861731423563,0.0881496006753506,-0.005004110852866339,0.10206212570026807,0.07786635995927282,-0.005004110852866339,0.10206212570026807,0,0,1,mean_reversion,ret5_moderate,ma20_gap_deep,vol_cold,0,1,1,0
2023-10-05,GC=F,1826.300048828125,1826.300048828125,1815.5999755859375,1816.5999755859375,1816.5999755859375,393,106.33000183105469,84.06999969482422,0.0010355922527529593,-0.11857829612370274,usd_strong,oil_weak,usd_up_oil_down,-0.007322417712602447,-0.02354334995341656,-0.05345976354537174,1827.5599853515625,1861.2199951171874,1891.8149963378905,1903.4699951171874,994.8,1151.0,0.34144222415291053,-0.02397353329982921,-0.039758126929721804,1945.5999755859375,-0.06630345477936717,0,0,0,0.09199845380749903,0.024441277667496042,-0.003963421374346687,0.02471651712952383,0.029010279616011436,-0.003963421374346687,0.03556092505456565,0.08356272755049576,-0.003963421374346687,0.08868214122593243,0.09391169100446084,-0.003963421374346687,0.09468237493756537,0.09303093816539865,-0.003963421374346687,0.10321479826042745,0.09209515087335785,-0.003963421374346687,0.10321479826042745,0,0,1,mean_reversion,ret5_shallow,ma20_gap_moderate,vol_cold,0,1,1,0
2024-11-11,GC=F,2671.699951171875,2671.699951171875,2611.199951171875,2611.199951171875,2611.199951171875,20,105.54000091552734,71.83000183105469,0.015882197859010683,-0.04328715930659088,usd_strong,oil_weak,usd_up_oil_down,-0.021142654228393565,-0.045648968249138555,-0.048014858675425987,2681.0,2717.4900146484374,2715.769982910156,2690.8166748046874,436.8,230.8,0.08665511265164644,-0.03911332255265465,-0.03850474539313753,2789.0,-0.06375046569671028,0,0,0,0.017394665635871664,-0.016467524817738388,-0.021829044525839225,0.00022981681505496176,-0.00022972331757120656,-0.021829044525839225,0.00022981681505496176,0.0021446452822337925,-0.021829044525839225,0.03802851205766933,0.012829350730098499,-0.021829044525839225,0.03802851205766933,0.033088292011341336,-0.021829044525839225,0.03802851205766933,0.003370116801731493,-0.021829044525839225,0.04695163141421954,0,0,1,mean_reversion,ret5_moderate,ma20_gap_moderate,vol_cold,0,0,0,1
2024-11-12,GC=F,2605.5,2605.5,2592.800048828125,2600.0,2600.0,118,106.0199966430664,71.88999938964844,0.025140190680276175,-0.04819276378230497,usd_strong,oil_weak,usd_up_oil_down,-0.03646601908719416,-0.05119879076312228,-0.060829326789522464,2652.939990234375,2700.6500244140625,2712.699987792969,2688.57333984375,455.8,234.75,0.5026624068157615,-0.03726881436105356,-0.04154531953408558,2789.0,-0.06776622445320901,0,0,0,0.010436799381522999,-0.013192326472355798,-0.01761540339543266,0.0045384803185095635,0.010423114483173013,-0.01761540339543266,0.010653827373798164,0.0078077110877403655,-0.01761540339543266,0.04249999999999998,0.02069232647235575,-0.01761540339543266,0.04249999999999998,0.05146155724158663,-0.01761540339543266,0.05146155724158663,0.014923095703125,-0.01761540339543266,0.05146155724158663,0,0,1,mean_reversion,ret5_extreme,ma20_gap_deep,vol_cold,0,0,0,1
2024-11-13,GC=F,2611.10009765625,2611.800048828125,2580.800048828125,2580.800048828125,2580.800048828125,53,106.4800033569336,72.27999877929688,0.013226825268636944,-0.03523757947371031,usd_strong,oil_weak,usd_up_oil_down,-0.03970230741279068,-0.03253862859893708,-0.07448447235857092,2635.57998046875,2679.880029296875,2708.039990234375,2686.3633382161456,381.0,237.1,0.22353437368199072,-0.036971797015385666,-0.04698599055593633,2789.0,-0.07465039482677482,0,0,0,0.04793196752995748,0.011546825892868595,-0.010306919231626854,0.011585516807986362,0.026115894710384335,-0.010306919231626854,0.026115894710384335,0.02289981881489056,-0.010306919231626854,0.050255714785331085,0.017746453797891748,-0.010306919231626854,0.050255714785331085,0.041343749671860275,-0.010306919231626854,0.059283941841784094,0.014104115644401949,-0.010306919231626854,0.059283941841784094,0,0,1,mean_reversion,ret5_moderate,ma20_gap_deep,vol_cold,0,0,0,1
2024-11-14,GC=F,2555.10009765625,2576.199951171875,2554.199951171875,2568.199951171875,2568.199951171875,27,106.66999816894531,72.55999755859375,0.02066784028861912,-0.04059235496911873,usd_strong,oil_weak,usd_up_oil_down,-0.016467524817738388,-0.04825079894895756,-0.062118867407918166,2609.539990234375,2662.87001953125,2701.8999877929687,2683.4,251.2,236.95,0.11394809031441233,-0.035551892381153416,-0.0494837104353022,2789.0,-0.07916817813844568,0,0,0,0.013915732508697333,0.02293440838105254,-0.0009734444542992549,0.023167978012323287,0.040456408558440016,-0.0009734444542992549,0.040456408558440016,0.034576766029298156,-0.0009734444542992549,0.055408477351303276,0.02741225287082938,-0.0009734444542992549,0.055408477351303276,0.0341873882475785,-0.0009734444542992549,0.06448099867795976,0.0147574749649384,-0.0009734444542992549,0.06448099867795976,0,0,1,mean_reversion,ret5_moderate,ma20_gap_deep,vol_cold,0,0,0,1
2024-11-15,GC=F,2565.699951171875,2565.699951171875,2565.699951171875,2565.699951171875,2565.699951171875,20,106.69000244140625,71.04000091552734,0.01609526134672623,-0.03831056891608997,usd_strong,oil_weak,usd_up_oil_down,-0.013192326472355798,-0.04532094840116274,-0.06313449949568994,2585.17998046875,2645.5800048828123,2694.4999877929686,2680.7299967447916,47.6,236.5,0.08456659619450317,-0.030193777380954967,-0.047801090074077957,2789.0,-0.0800645567687791,0,0,0,0.01816776188635485,0.03215496806722018,0.009237226340925053,0.03215496806722018,0.056202967578501184,0.009237226340925053,0.056436859953942875,0.026971178426482778,0.009237226340925053,0.056436859953942875,0.038663894087290096,0.009237226340925053,0.056436859953942875,0.0334021720399269,0.009237226340925053,0.0655182214816159,0.024749581482042204,0.0063920749879129435,0.0655182214816159,0,0,1,mean_reversion,ret5_moderate,ma20_gap_deep,vol_cold,0,0,0,1
2025-04-07,GC=F,3016.39990234375,3050.800048828125,2949.699951171875,2951.300048828125,2951.300048828125,4424,103.26000213623047,64.20999908447266,-0.009116178453011159,-0.14088840085987386,usd_weak,oil_weak,usd_down_oil_down,-0.060065562400523076,-0.054918661879859276,-0.02051045329565926,3063.819970703125,3063.319970703125,3030.314990234375,2985.8333333333335,4170.8,9294.0,0.4760060253927265,-0.03656814271650766,-0.02607482775252301,3168.60009765625,-0.06857919653188727,0,0,0,0.007730962504831852,0.06908816418876573,0.004913089065870402,0.07308641873181387,0.08589435022056047,0.004913089065870402,0.09612711228210213,0.1523057610419798,0.004913089065870402,0.18103887777871996,0.1245213952901616,0.004913089065870402,0.18103887777871996,0.15589734893214846,0.004913089065870402,0.18103887777871996,0.11147629673595416,0.004913089065870402,0.18103887777871996,0,0,1,mean_reversion,ret5_extreme,ma20_gap_moderate,vol_cold,0,0,0,1
2025-05-12,GC=F,3300.699951171875,3300.699951171875,3205.0,3220.0,3220.0,886,101.79000091552734,64.95999908447266,0.019633367209485053,0.07853228587390926,usd_strong,oil_strong,usd_up_oil_up,-0.04773168125777694,-0.02757226692894721,-0.033758439609902435,3328.9599609375,3302.17998046875,3305.539990234375,3231.833317057292,947.8,825.75,1.0729639721465334,-0.024886584303343784,-0.025877765958689847,3485.60009765625,-0.07619924552872315,0,0,0,0.06919211441824508,0.0002173761403339025,-0.029503105590062084,0.00975152246700306,0.0027639448272516187,-0.029503105590062084,0.00975152246700306,0.024565247719332328,-0.029503105590062084,0.04459630361995348,0.04043476744468166,-0.029503105590062084,0.052795031055900665,0.03133537339868009,-0.029503105590062084,0.05590062111801242,0.03326089989324532,-0.029503105590062084,0.06956521739130439,0,0,1,mean_reversion,ret5_moderate,ma20_gap_moderate,vol_mild,0,0,0,1
2025-05-16,GC=F,3227.699951171875,3228.10009765625,3173.89990234375,3182.0,3182.0,199,101.08999633789062,65.41000366210938,0.007474586679018902,0.023470565142835076,usd_strong,oil_strong,usd_up_oil_up,-0.01799217601752945,-0.04599145734697585,-0.015439804403460267,3208.87998046875,3278.0499755859373,3293.8199829101563,3243.3599853515625,1535.8,997.85,0.19942877185949792,-0.02930094913173764,-0.033948419613193614,3485.60009765625,-0.0871012420100612,0,0,0,0.01662156938538848,0.040006300700227815,0.008013827781269578,0.04258328095537389,0.05707105520309552,0.008013827781269578,0.05707105520309552,0.059270929495993,0.008013827781269578,0.062476445263395686,0.04717162088505655,0.008013827781269578,0.06851037083595224,0.06737897622368005,0.008013827781269578,0.08233815210559392,0.048617206527930446,0.008013827781269578,0.08233815210559392,0,0,1,mean_reversion,ret5_moderate,ma20_gap_moderate,vol_cold,0,0,0,1
2026-02-02,GC=F,4807.7001953125,4855.7998046875,4400.0,4622.5,4622.5,3588,97.61000061035156,66.30000305175781,0.005873863246563582,0.01082492382236988,usd_strong,oil_strong,usd_up_oil_up,-0.12809342182494465,-0.09000535026346634,0.007431805941507275,5007.2599609375,4959.239990234375,4746.264965820313,4629.949983723958,29551.8,8114.55,0.4421686969702571,-0.06790153146398958,-0.026076286661531167,5586.2001953125,-0.1725144394433199,0,0,0,0.0030923850019327404,0.05168196913872358,0.011206015075716502,0.0994483927122769,0.09267710164277987,0.007030827474310497,0.0994483927122769,0.056333131929421354,0.007030827474310497,0.10574360296106011,0.11537042827203892,0.007030827474310497,0.12744188159140069,0.1048999247904272,0.007030827474310497,0.16928069226608988,0.08188209843158467,0.007030827474310497,0.16928069226608988,0,0,1,mean_reversion,ret5_extreme,ma20_gap_moderate,vol_cold,1,0,1,0
2026-03-19,GC=F,4830.2998046875,4830.2998046875,4554.0,4600.7001953125,4600.7001953125,627,99.2300033569336,108.6500015258789,-0.0051132396005514336,0.08152501011392221,usd_weak,oil_strong,usd_down_oil_up,-0.07875446629705651,-0.10068799191536482,-0.09172203567201553,4907.62001953125,5028.860009765625,5095.45498046875,5054.633317057292,587.2,897.05,0.6989576946658492,-0.08514053157607782,-0.09709727336473017,5405.0,-0.14880662436401482,0,0,0,0.0015461925009663702,-0.043776030185622594,-0.10865745851779951,0.018736214787278715,-0.04894911334191021,-0.10865745851779951,0.018736214787278715,0.011041755065730685,-0.10865745851779951,0.040950267208392344,0.035038081202398486,-0.10865745851779951,0.054404719729949313,0.05583930520086855,-0.10865745851779951,0.06064294306424567,,,,0,0,1,mean_reversion,ret5_extreme,ma20_gap_deep,vol_cold,1,0,1,0
2026-03-20,GC=F,4686.89990234375,4686.89990234375,4570.39990234375,4570.39990234375,4570.39990234375,235,99.6500015258789,112.19000244140625,-0.007074522520473359,0.08774484298344976,usd_weak,oil_strong,usd_down_oil_up,-0.08610279897145567,-0.09541812917491344,-0.11187116153739374,4811.2,4971.289990234375,5071.009985351562,5044.933317057292,538.4,902.1,0.26050327014743374,-0.08064105869465177,-0.09871999551448452,5405.0,-0.15441259901133209,0,0,0,0.0023192887514495554,-0.004507285597850186,-0.10274814188916681,-0.004047785838283691,-0.01715383861782982,-0.10274814188916681,-0.004047785838283691,0.01890423249384443,-0.10274814188916681,0.047851435319773206,0.037633468334312914,-0.10274814188916681,0.06139508656832304,0.05168042192355515,-0.10274814188916681,0.06767466733275085,,,,0,0,1,mean_reversion,ret5_extreme,ma20_gap_deep,vol_cold,0,0,0,1
2026-03-23,GC=F,4353.0,4480.39990234375,4100.7998046875,4404.10009765625,4404.10009765625,544,98.94999694824219,99.94000244140625,-0.007622125596316698,-0.002694308407675039,usd_weak,oil_weak,usd_down_oil_down,-0.09934759696300821,-0.11812172654059871,-0.13500931009402928,4693.22001953125,4902.55,5030.97998046875,5026.696647135416,621.2,890.35,0.6109956758578087,-0.10167155915671444,-0.12460393109218693,5405.0,-0.18518037046137836,0,0,0,0.0007730962504831851,-0.006493970850360631,-0.017915101971850866,0.03355959251837981,0.027678731100735376,-0.017915101971850866,0.03973569994313486,0.05744646906064643,-0.017915101971850866,0.08741853987489678,0.09557001271786314,-0.017915101971850866,0.1014736024237004,0.06682404989934687,-0.017915101971850866,0.10799030156225387,,,,0,0,1,mean_reversion,ret5_extreme,ma20_gap_deep,vol_cold,1,0,1,0
2026-03-24,GC=F,4338.7001953125,4399.2998046875,4325.2001953125,4399.2998046875,4399.2998046875,378,99.43000030517578,104.48999786376953,-0.0015063418670486772,0.010346158516424397,usd_weak,oil_strong,usd_down_oil_up,-0.043776030185622594,-0.12031597586732656,-0.15878546754349454,4572.87998046875,4819.5099609375,4993.15498046875,5004.976643880208,649.0,904.85,0.41774879814333865,-0.087189394701087,-0.11893385606979501,5405.0,-0.18606849126965774,0,0,0,0.00038654812524159255,0.021071579439466026,-0.005409907427118554,0.03468736035985831,0.05644086649975155,-0.005409907427118554,0.06473764135494742,0.07960362122612286,-0.005409907427118554,0.10267547459057202,0.0910827206833118,-0.005409907427118554,0.10267547459057202,0.07573936992370278,-0.005409907427118554,0.1091992844209273,,,,0,0,1,mean_reversion,ret5_extreme,ma20_gap_deep,vol_cold,0,1,1,0
2026-03-25,GC=F,4549.0,4551.89990234375,4541.7998046875,4549.7998046875,4549.7998046875,388,99.5999984741211,102.22000122070312,-0.00489557280145525,-0.048053605556882206,usd_weak,oil_weak,usd_down_oil_down,-0.004507285597850186,-0.06955154593108104,-0.11951854110925852,4504.8599609375,4757.749951171875,4960.324975585938,4989.843310546875,434.4,835.65,0.4643092203673787,-0.04370766614860777,-0.08276174906260947,5405.0,-0.1582239029255319,0,0,0,0.005411673753382296,-0.00523095646164029,-0.03830933495313904,0.006439908177622078,0.05129904625353743,-0.03830933495313904,0.05259578514250385,0.053277155266318266,-0.03830933495313904,0.06620075788877222,0.05178251962064784,-0.03830933495313904,0.06620075788877222,0.03413343435655114,-0.03830933495313904,0.07250877066835226,,,,0,0,1,mean_reversion,ret5_extreme,ma20_gap_deep,vol_cold,0,1,1,0
